id,dni_veterinario,hora,fecha,id_mascota,dni_recepcionista,estado,precio,motivo
1,91962934,08:45:00,2025-03-12,1,59260460,Cancelada,253.14,Voluptas laboriosam aliquid laudantium vel hic.
2,88393275,09:15:00,2025-04-18,2,18034966,Pendiente,220.4,Omnis placeat reiciendis.
3,91962934,17:30:00,2025-03-17,3,80645867,Realizada,281.04,Ducimus eos ipsa porro laudantium.
4,34846734,17:45:00,2025-01-14,4,48251892,Realizada,151.21,Vitae molestiae illo sed at quam.
5,39487882,17:00:00,2025-02-18,5,60663810,Realizada,259.08,Unde repellat nobis.
6,12320417,14:15:00,2025-04-25,6,85059196,Cancelada,234.49,Fugit perferendis animi.
7,12320417,09:00:00,2025-02-04,7,42023992,Cancelada,159.13,Dicta explicabo quod tempore sed.
8,11294269,08:30:00,2025-02-09,8,69959035,Pendiente,118.39,Eos sit consequatur.
9,30185197,11:45:00,2025-06-14,9,42881519,Realizada,56.45,Porro animi ratione.
10,76430643,08:15:00,2025-06-14,10,89352645,Cancelada,274.11,Porro vitae occaecati praesentium.
11,91994498,15:15:00,2025-06-24,11,55213470,Realizada,222.04,Exercitationem natus at.
12,58981449,12:15:00,2025-06-03,12,53257757,Realizada,203.63,Non non modi consectetur.
13,30185197,15:45:00,2025-02-26,13,68367134,Realizada,112.15,Ea maiores quam laudantium minus id.
14,30787386,09:00:00,2025-02-03,14,67665892,Pendiente,80.1,Sint dignissimos veniam inventore amet maiores.
15,72546683,11:15:00,2025-01-14,15,80645867,Realizada,33.76,Esse distinctio harum ducimus.
16,45121235,16:00:00,2025-01-12,16,94986642,Realizada,62.26,Officiis esse hic.
17,37256554,08:00:00,2025-04-13,17,94986642,Realizada,80.65,Incidunt magni cumque.
18,38985591,11:00:00,2025-02-20,18,78249006,Pendiente,238.62,Rerum temporibus laudantium deserunt eos exercitationem.
19,79890158,08:45:00,2025-05-26,19,81001783,Realizada,218.32,Ducimus enim quia consectetur reiciendis rerum.
20,55288036,13:15:00,2025-04-30,20,98391320,Pendiente,154.32,Temporibus aliquid iste repudiandae.
21,18641255,13:15:00,2025-03-27,21,80645867,Realizada,33.01,Suscipit facilis quae totam occaecati voluptate.
22,70020137,13:15:00,2025-01-29,22,69959035,Realizada,132.65,Quo maiores hic.
23,34846734,10:45:00,2025-05-05,23,92050216,Realizada,53.06,Consequuntur reprehenderit nisi debitis nam temporibus.
24,95357386,13:15:00,2025-01-31,24,81001783,Realizada,100.94,Dolorum sapiente debitis.
25,72546683,14:15:00,2025-04-13,25,17171039,Realizada,214.42,Mollitia autem labore tempore.
26,36147757,09:15:00,2025-01-24,26,84095686,Pendiente,173.84,Fugit ullam ad ipsum.
27,73543500,16:15:00,2025-06-09,27,25289714,Realizada,256.03,Optio sint praesentium fuga illo.
28,29219804,16:15:00,2025-04-21,28,79700365,Realizada,258.28,Modi reiciendis reiciendis explicabo iure deserunt.
29,76295675,13:30:00,2025-01-23,29,69959035,Pendiente,211.95,Iure vel iusto quaerat voluptates.
30,93584938,15:45:00,2025-04-08,30,78249006,Realizada,142.57,Esse nam reprehenderit ab.
31,56355002,10:45:00,2025-03-02,31,74052381,Pendiente,79.35,Atque cupiditate aliquam.
32,28653012,11:30:00,2025-05-14,32,49972085,Realizada,260.89,Fugit illum accusantium fuga.
33,34305289,14:00:00,2025-03-07,33,27926480,Pendiente,140.68,Quia laboriosam quas culpa ducimus nisi.
34,21000309,17:30:00,2025-02-16,34,80974491,Realizada,210.95,Cupiditate voluptatem ducimus sunt.
35,57426648,12:45:00,2025-06-02,35,37720792,Realizada,265.26,Et error dolorem nemo minima.
36,13844047,09:15:00,2025-04-12,36,46487705,Realizada,250.79,Odit ipsa sapiente officiis expedita aperiam.
37,27712393,15:45:00,2025-05-18,37,98391320,Realizada,268.86,Maiores ducimus esse.
38,31501430,08:15:00,2025-01-10,38,53257757,Realizada,297.49,Laborum sed incidunt minus id.
39,38868080,08:15:00,2025-03-30,39,17061113,Realizada,151.3,Quae dignissimos delectus.
40,79890158,09:45:00,2025-03-12,40,67665892,Cancelada,61.42,Itaque blanditiis saepe facere non porro.
41,60687700,08:30:00,2025-05-20,41,18034966,Realizada,91.03,Nesciunt perferendis placeat fugiat.
42,50886936,14:45:00,2025-03-31,42,95575112,Realizada,164.21,Laboriosam id aliquam.
43,36032580,12:00:00,2025-03-03,43,78249006,Realizada,233.57,Sint incidunt ab quae.
44,19198923,17:00:00,2025-05-16,44,61284804,Pendiente,52.71,Quas eius quod quas dolorum esse.
45,21000309,08:15:00,2025-05-24,45,42881519,Realizada,114.48,Accusamus distinctio iusto perferendis.
46,11294269,15:00:00,2025-03-25,46,81001783,Realizada,215.88,Maiores nostrum in asperiores.
47,27561046,15:15:00,2025-05-30,47,49972085,Pendiente,207.38,Aspernatur at accusamus adipisci.
48,58981449,17:45:00,2025-03-04,48,37720792,Cancelada,30.27,Doloribus praesentium facilis.
49,60687700,17:30:00,2025-01-18,49,74052381,Realizada,166.22,Vel earum qui cumque.
50,88796800,08:45:00,2025-06-26,50,17171039,Realizada,195.62,Eos ad sequi veniam voluptatum dolores blanditiis.
51,13844047,09:30:00,2025-06-21,51,22019123,Realizada,68.84,Illum dolorem quis deleniti.
52,28653012,11:00:00,2025-01-06,52,49972085,Realizada,270.92,Aliquam id amet.
53,72546683,15:15:00,2025-02-05,53,80645867,Cancelada,47.27,Dolor qui quia accusantium.
54,50468260,09:45:00,2025-06-27,54,89352645,Realizada,223.38,Nam accusamus minus quo ipsum.
55,69773398,10:45:00,2025-03-27,55,64735878,Realizada,206.98,Illum quam deleniti est veniam quibusdam.
56,97231202,08:15:00,2025-01-10,56,84095686,Realizada,184.87,Quos blanditiis perspiciatis minus possimus.
57,95216714,14:00:00,2025-03-21,57,25536844,Realizada,214.44,Laborum quaerat eveniet.
58,70020137,14:15:00,2025-05-21,58,55213470,Realizada,96.43,Nesciunt magnam quo aliquid animi.
59,55319884,11:45:00,2025-01-01,59,98391320,Realizada,192.24,Necessitatibus ducimus sapiente incidunt dolorum.
60,97666579,11:00:00,2025-03-31,60,80645867,Realizada,143.27,Aliquid animi autem fugiat libero voluptates.
61,30787386,14:15:00,2025-06-17,61,31892556,Realizada,199.29,Esse rerum voluptatem eveniet facilis.
62,70020137,17:30:00,2025-04-27,62,39781020,Realizada,248.15,Rem labore labore.
63,32179431,14:45:00,2025-01-12,63,81001783,Realizada,277.79,Voluptate perspiciatis laborum.
64,27561046,14:45:00,2025-06-18,64,42881519,Realizada,138.36,Error voluptatibus magni nesciunt quisquam laudantium.
65,19857293,13:30:00,2025-04-28,65,94986642,Pendiente,196.68,Illo dolorem animi ipsum.
66,38985591,15:30:00,2025-02-02,66,92050216,Realizada,188.44,Repellat ducimus esse.
67,88796800,10:15:00,2025-04-24,67,64735878,Realizada,160.61,Eos nisi nostrum libero.
68,91994498,14:30:00,2025-06-08,68,43496230,Pendiente,263.29,Cum facere quas quidem nobis cum.
69,95357386,08:45:00,2025-06-24,69,74052381,Realizada,104.68,Facilis libero quae iure.
70,79890158,10:45:00,2025-03-24,70,74845783,Realizada,137.6,Qui voluptates fuga.
71,70020137,16:00:00,2025-01-01,71,42881519,Realizada,57.19,Tempora at nemo sed.
72,81986371,14:30:00,2025-05-11,72,17171039,Cancelada,84.44,Quibusdam repellat tenetur cumque.
73,57426648,14:45:00,2025-02-23,73,40483555,Realizada,137.88,Impedit quo cupiditate occaecati aliquam.
74,81986371,13:30:00,2025-05-01,74,59260460,Pendiente,145.77,Amet possimus eius repellendus maxime.
75,28653012,15:15:00,2025-05-13,75,37720792,Realizada,252.68,Aliquid voluptatem eos.
76,50468260,15:30:00,2025-06-27,76,74845783,Realizada,128.77,Consectetur reprehenderit tenetur.
77,91962934,17:45:00,2025-02-10,77,55213470,Realizada,297.78,Saepe inventore explicabo repellat magni.
78,37256554,09:30:00,2025-04-23,78,27926480,Realizada,196.05,Consequatur eligendi libero adipisci consequatur porro.
79,33950128,14:00:00,2025-05-16,79,53257757,Realizada,168.43,Vero asperiores officia corporis dicta.
80,22723132,14:00:00,2025-03-07,80,41708733,Realizada,191.48,Nostrum architecto aut eos veritatis.
81,91994498,13:45:00,2025-03-04,81,95575112,Realizada,55.43,Quisquam omnis dignissimos quidem.
82,54430965,13:30:00,2025-05-07,82,80974491,Realizada,279.98,Sequi quo tempora.
83,21000309,10:15:00,2025-05-21,83,59260460,Realizada,231.53,Voluptatibus esse architecto molestiae.
84,28542183,13:15:00,2025-01-13,84,39781020,Realizada,263.36,Quaerat occaecati consectetur ad.
85,33033899,16:30:00,2025-06-22,85,74845783,Realizada,294.99,Explicabo nulla dolorem corporis qui.
86,50468260,13:00:00,2025-04-28,86,20087633,Cancelada,178.92,Ullam ab aspernatur deserunt.
87,69598928,10:30:00,2025-02-22,87,17061113,Realizada,129.86,Eligendi rerum incidunt maxime omnis.
88,73543500,09:30:00,2025-06-25,88,79700365,Realizada,152.59,Temporibus odit ut eum molestiae.
89,88796800,15:15:00,2025-02-12,89,85059196,Realizada,130.1,Porro repellendus unde est.
90,74834394,08:30:00,2025-02-09,90,80645867,Cancelada,177.94,Tempora necessitatibus unde temporibus eum.
91,50886936,11:15:00,2025-04-01,91,49972085,Pendiente,56.7,Earum aliquid rerum veniam quisquam.
92,93998447,12:15:00,2025-02-14,92,81550829,Realizada,42.65,Aliquam nemo vitae architecto quod eius.
93,28542183,14:30:00,2025-03-25,93,80974491,Pendiente,275.21,Doloribus quasi eos modi voluptatum illum.
94,93385409,14:45:00,2025-01-05,94,26765730,Realizada,254.55,Quos soluta iste natus ipsam.
95,29219804,09:15:00,2025-02-25,95,79700365,Realizada,34.25,Quaerat officia ad esse error.
96,64690555,16:30:00,2025-01-20,96,72836970,Realizada,71.63,Eos fugiat quae pariatur minima optio.
97,95216714,11:00:00,2025-04-22,97,69959035,Realizada,185.21,Veritatis sunt architecto voluptatem accusantium.
98,76295675,12:15:00,2025-04-07,98,98391320,Realizada,198.18,Tempore nesciunt maxime cum nobis ratione.
99,92783595,15:30:00,2025-03-17,99,25536844,Realizada,189.37,Sequi ad qui quia est.
100,27427266,15:15:00,2025-04-08,100,59260460,Realizada,137.56,Est molestias aperiam soluta.
101,37256554,15:30:00,2025-05-10,101,39781020,Pendiente,140.13,Quo voluptatem laudantium minima iusto provident.
102,27427266,13:00:00,2025-03-30,102,45565143,Cancelada,276.36,Enim et porro voluptas vero.
103,21375452,09:00:00,2025-05-09,103,98391320,Realizada,35.51,Fugit modi expedita.
104,11294269,12:00:00,2025-05-17,104,17171039,Cancelada,60.85,Quam asperiores nulla rem sed consectetur.
105,61502032,13:30:00,2025-05-16,105,68367134,Realizada,72.28,Assumenda dolorem est quis reiciendis alias.
106,21794942,11:15:00,2025-01-16,106,22019123,Realizada,147.19,Nam hic repellendus saepe laudantium.
107,76119745,17:15:00,2024-12-29,107,33472311,Pendiente,43.12,In non amet.
108,55288036,10:30:00,2025-05-13,108,18034966,Pendiente,293.82,Quasi officiis ea quae saepe provident.
109,58506571,16:15:00,2025-01-31,109,42023992,Realizada,143.4,Ad autem a ipsam eaque.
110,27703570,17:30:00,2025-06-26,110,80974491,Realizada,168.25,Saepe vero tempora perspiciatis ipsum rerum.
111,75595115,14:15:00,2025-04-29,111,49972085,Realizada,239.21,Occaecati inventore non.
112,54430965,16:30:00,2025-01-19,112,17061113,Cancelada,130.67,Omnis optio assumenda.
113,30787386,17:15:00,2025-06-02,113,74052381,Realizada,249.15,Velit velit ullam occaecati et.
114,60113565,15:00:00,2025-01-10,114,83944119,Realizada,228.39,Modi harum quis aut omnis.
115,12320417,10:00:00,2025-03-05,115,98391320,Realizada,100.45,Debitis rem tenetur illum.
116,56355002,09:30:00,2025-04-01,116,95575112,Realizada,243.61,Atque neque blanditiis suscipit voluptatum.
117,85874004,11:45:00,2025-01-22,117,85059196,Realizada,255.03,Temporibus modi quibusdam ipsa saepe voluptas.
118,21375452,08:45:00,2025-04-18,118,25536844,Pendiente,104.73,Distinctio explicabo quidem consequatur earum.
119,28542183,09:15:00,2025-01-02,119,26765730,Cancelada,105.55,Eaque rem error modi nostrum.
120,74834394,09:45:00,2025-01-05,120,17061113,Pendiente,287.16,Illum dignissimos ducimus aperiam.
121,98244389,11:30:00,2025-02-14,121,46487705,Realizada,260.32,Cupiditate aperiam laborum ipsam eveniet.
122,64690555,16:00:00,2025-05-27,122,25289714,Pendiente,111.48,Molestiae id totam quos pariatur in.
123,47657278,13:45:00,2025-01-11,123,79700365,Pendiente,178.95,Nihil cumque qui voluptatum.
124,58506571,16:00:00,2025-05-28,124,45565143,Realizada,294.65,Libero officiis cupiditate.
125,54375666,09:00:00,2025-02-09,125,37720792,Realizada,97.39,Facere sapiente debitis doloremque.
126,38868080,14:30:00,2025-01-28,126,61284804,Realizada,185.53,Cum laudantium odit soluta magnam.
127,74834394,14:15:00,2025-03-13,127,45565143,Pendiente,211.97,Perferendis atque soluta quo molestiae.
128,31501430,14:15:00,2025-02-20,128,31892556,Realizada,184.71,Aliquid consequuntur veniam.
129,81986371,13:45:00,2025-03-18,129,26765730,Realizada,110.34,Velit fugit facilis in.
130,31502428,08:15:00,2025-06-28,130,98391320,Realizada,193.07,Neque rem necessitatibus perferendis illo.
131,54375666,15:00:00,2025-06-16,131,67665892,Realizada,250.61,Dignissimos cum cumque.
132,54430965,16:00:00,2025-03-09,132,85059196,Cancelada,206.99,Optio officiis architecto voluptates.
133,95357386,17:45:00,2025-06-14,133,33472311,Pendiente,249.04,Quam earum veniam corporis perferendis quidem maxime.
134,93584938,16:30:00,2025-02-14,134,94986642,Realizada,251.95,Quasi hic cumque.
135,86545508,08:30:00,2025-05-16,135,69959035,Realizada,211.15,Vel officia vero.
136,86545508,17:45:00,2025-01-08,136,40483555,Realizada,271.08,Architecto eligendi maxime voluptatum dolores.
137,63638867,12:30:00,2025-01-09,137,85550838,Realizada,205.03,Hic accusantium impedit.
138,21375452,16:30:00,2025-01-17,138,37720792,Pendiente,183.01,Ad quo reprehenderit autem accusantium quas.
139,58506571,17:30:00,2025-01-18,139,61284804,Pendiente,148.24,Molestiae pariatur a explicabo.
140,64690555,12:30:00,2025-04-19,140,17061113,Realizada,281.05,Facilis aspernatur ipsum pariatur cum dolore.
141,91352137,11:00:00,2025-02-20,141,31892556,Realizada,247.61,Libero fugit hic at.
142,73543500,14:15:00,2025-05-29,142,22019123,Realizada,238.78,Ullam blanditiis ipsam quae sed.
143,49437044,09:15:00,2024-12-28,143,68367134,Pendiente,113.98,Modi exercitationem eius a libero perferendis.
144,92783595,10:45:00,2025-03-22,144,98391320,Realizada,188.88,Mollitia suscipit repellendus debitis consectetur eveniet.
145,75595115,17:00:00,2025-01-04,145,41708733,Realizada,242.61,Officiis aliquid quibusdam cum vero.
146,53529481,14:30:00,2025-04-23,146,79700365,Realizada,107.89,Molestiae eos consequuntur necessitatibus.
147,67198087,16:15:00,2025-05-17,147,74052381,Realizada,86.94,Ullam dolorum mollitia ea accusantium non.
148,64690555,10:00:00,2025-04-18,148,17171039,Realizada,38.65,Quod laborum possimus nisi quae illo.
149,30787386,10:30:00,2025-05-05,149,61284804,Cancelada,87.92,Sint ut maxime.
150,21000309,16:15:00,2025-05-28,150,17061113,Realizada,228.31,Dignissimos suscipit doloremque.
151,28653012,16:45:00,2025-02-25,151,60663810,Realizada,35.51,Totam ad assumenda incidunt facere.
152,32453828,10:30:00,2025-06-05,152,67665892,Realizada,199.11,Quasi deserunt magni at magni.
153,22723132,12:00:00,2025-06-24,153,60663810,Realizada,292.9,Explicabo expedita aspernatur laboriosam.
154,34846734,10:30:00,2025-02-17,154,81001783,Pendiente,97.89,Saepe voluptatem unde mollitia commodi fugiat.
155,37256554,14:00:00,2025-02-08,155,20087633,Cancelada,105.27,Assumenda ducimus dolor nam atque esse.
156,97666579,16:45:00,2025-01-15,156,94986642,Realizada,188.59,Deleniti hic similique nesciunt sapiente.
157,67198087,16:45:00,2025-01-24,157,94986642,Pendiente,288.58,Repellat cumque dicta nostrum.
158,95950942,14:45:00,2025-03-19,158,80645867,Realizada,114.66,Eum eos vero fugit iure quibusdam.
159,74834394,15:45:00,2025-04-13,159,98391320,Realizada,76.74,Optio quia harum facere sequi.
160,19280334,17:30:00,2025-01-31,160,74845783,Realizada,88.07,Fugit corrupti excepturi eos voluptatem.
161,95216714,13:45:00,2025-01-28,161,22019123,Realizada,257.51,Nisi excepturi ducimus a.
162,18641255,12:00:00,2025-03-09,162,42881519,Realizada,104.68,Corporis sequi quas.
163,60687700,13:45:00,2025-03-08,163,94986642,Realizada,174.81,Sunt inventore ad asperiores unde minus.
164,66354601,11:00:00,2025-06-26,164,26765730,Realizada,93.24,Iste ratione beatae.
165,22723132,10:15:00,2025-03-07,165,17171039,Realizada,257.78,Dolor eum eligendi enim a.
166,63638867,14:45:00,2025-06-10,166,42881519,Realizada,262.8,Quisquam quidem repellat similique.
167,28542183,16:15:00,2025-05-02,167,83944119,Realizada,83.74,Labore mollitia accusamus magnam praesentium.
168,55319884,10:00:00,2025-05-30,168,74845783,Pendiente,169.85,Ipsam qui velit pariatur est distinctio quos.
169,76430643,15:15:00,2025-04-16,169,81001783,Realizada,230.49,Esse atque ipsa.
170,13844047,15:15:00,2025-05-15,170,79700365,Realizada,58.06,Aspernatur perferendis enim non fuga blanditiis.
171,61502032,16:15:00,2025-01-06,171,43496230,Realizada,158.25,Labore quaerat debitis aut placeat occaecati.
172,93385409,12:00:00,2025-02-03,172,60663810,Realizada,45.13,Eum ex explicabo perferendis enim perspiciatis.
173,27703570,09:30:00,2025-04-10,173,69959035,Realizada,255.76,Voluptas consectetur quos ipsam veniam.
174,76295675,10:30:00,2025-02-11,174,80645867,Cancelada,85.97,Maxime ad rerum accusamus.
175,88393275,17:30:00,2025-04-11,175,80974491,Pendiente,107.28,Tenetur unde esse.
176,31502428,15:00:00,2025-03-05,176,53257757,Realizada,78.24,Accusantium neque placeat nihil nostrum.
177,85874004,12:45:00,2025-04-08,177,81001783,Pendiente,194.3,Natus harum debitis.
178,45121235,09:45:00,2025-02-11,178,84095686,Realizada,153.39,Perferendis explicabo minima.
179,93584938,08:00:00,2025-01-24,179,72836970,Realizada,64.19,Perferendis praesentium placeat non explicabo voluptatum.
180,32453828,12:45:00,2025-02-16,180,95575112,Realizada,120.22,Eum temporibus asperiores voluptate non.
181,85081056,10:30:00,2025-04-10,181,85550838,Realizada,179.56,Consequuntur optio ullam.
182,57426648,17:45:00,2025-04-17,182,17061113,Realizada,233.76,Dolor molestias saepe iusto.
183,97231202,15:30:00,2025-04-23,183,42023992,Realizada,193.91,Fugiat blanditiis beatae dolor amet natus.
184,32453828,08:30:00,2025-04-16,184,45565143,Realizada,127.86,Reprehenderit illum quis quis.
185,32179431,15:00:00,2025-01-12,185,60663810,Realizada,270.17,Aliquid consectetur unde unde.
186,50886936,13:30:00,2025-05-15,186,39781020,Realizada,155.61,Animi sapiente iusto praesentium tenetur.
187,31502428,14:30:00,2025-01-21,187,46487705,Realizada,97.19,Exercitationem officia odit.
188,60687700,17:45:00,2025-01-19,188,39781020,Realizada,30.75,Harum reprehenderit libero vitae velit.
189,97687033,11:15:00,2025-05-09,189,55213470,Realizada,85.25,Aliquam magni nulla aperiam facilis.
190,93385409,15:15:00,2025-06-23,190,40483555,Realizada,233.52,Facilis quia magnam.
191,75595115,16:30:00,2025-03-24,191,59260460,Pendiente,164.74,Dicta qui autem minima optio laudantium.
192,56355002,14:30:00,2025-02-19,192,79700365,Realizada,181.21,Magni illo dolor facere.
193,40191996,10:15:00,2025-06-07,193,27926480,Cancelada,293.63,Aut non incidunt optio recusandae in.
194,64833983,13:45:00,2025-02-06,194,25536844,Realizada,270.41,Expedita quia earum dolorum voluptas.
195,93584938,12:45:00,2025-05-13,195,64735878,Realizada,164.34,Veniam voluptas reprehenderit facere alias.
196,47657278,08:30:00,2025-01-28,196,25536844,Pendiente,88.8,Cupiditate illo qui mollitia totam reiciendis.
197,55319884,11:15:00,2025-01-31,197,84095686,Pendiente,218.31,Tenetur recusandae quas eligendi reprehenderit.
198,38868080,10:30:00,2025-03-15,198,49972085,Realizada,225.83,Possimus voluptates suscipit repellat.
199,64833983,10:15:00,2025-06-08,199,74052381,Realizada,108.9,Maiores dicta natus.
200,69420990,17:15:00,2025-06-22,200,45565143,Realizada,224.09,Aspernatur officiis atque consequatur cumque.
201,27427266,15:45:00,2025-03-17,201,59260460,Pendiente,295.69,Nisi et explicabo necessitatibus.
202,65658788,09:30:00,2025-06-23,202,60663810,Realizada,31.11,Id totam reiciendis velit beatae.
203,74834394,12:45:00,2025-02-02,203,85059196,Realizada,291.13,Esse aspernatur ullam adipisci beatae eaque.
204,54375666,13:30:00,2025-05-20,204,26765730,Pendiente,94.41,Rerum aliquid officiis.
205,86545508,10:00:00,2025-02-08,205,92050216,Realizada,81.59,Aperiam impedit nihil iusto officia odio.
206,58358599,09:00:00,2025-01-02,206,41708733,Realizada,56.41,Doloremque omnis blanditiis quis vitae dolor.
207,57426648,10:30:00,2025-02-21,207,74052381,Realizada,49.12,Quas ad molestias eveniet.
208,97666579,09:00:00,2025-02-05,208,85550838,Pendiente,216.9,Excepturi cupiditate veniam voluptatem atque.
209,93584938,08:45:00,2025-05-21,209,80645867,Pendiente,61.8,Veniam voluptates explicabo veritatis provident magni.
210,72546683,12:00:00,2025-03-24,210,31892556,Pendiente,284.81,Perspiciatis sunt vero.
211,29219804,16:00:00,2025-03-26,211,64735878,Realizada,173.53,Similique tempore explicabo dignissimos eveniet rerum.
212,60113565,08:30:00,2025-03-31,212,42023992,Realizada,244.28,Repellat vitae voluptate iure sequi consequuntur.
213,57426648,15:15:00,2025-03-05,213,85059196,Realizada,88.27,Est possimus modi pariatur.
214,19280334,15:30:00,2025-06-14,214,49972085,Realizada,280.39,Atque laborum porro.
215,65721232,13:45:00,2025-03-01,215,55213470,Realizada,126.91,Perspiciatis incidunt nihil deserunt.
216,27712393,15:00:00,2025-06-02,216,74845783,Cancelada,62.61,Ea assumenda illo fuga dolor magnam.
217,37256554,12:30:00,2025-01-08,217,84095686,Realizada,105.7,Odit beatae a nemo autem.
218,55748283,13:45:00,2025-04-25,218,60663810,Realizada,30.91,Iure itaque ut debitis eligendi ab.
219,38985591,08:15:00,2025-01-14,219,68333054,Realizada,287.86,Quam beatae voluptates suscipit accusamus.
220,28653012,12:30:00,2025-04-23,220,59260460,Pendiente,126.22,Magnam dolorum culpa sequi velit quia.
221,61502032,09:30:00,2025-05-06,221,68333054,Realizada,169.86,Beatae reprehenderit atque repellat.
222,81986371,10:15:00,2025-02-19,222,89352645,Realizada,66.5,Nulla unde veniam.
223,80981575,10:30:00,2025-02-08,223,78249006,Pendiente,163.21,Eius deleniti quaerat minima.
224,38868080,10:00:00,2025-03-21,224,94986642,Realizada,289.04,Eos quam est vel aut suscipit.
225,97231202,16:00:00,2025-01-15,225,85059196,Pendiente,288.47,Quas tempora tempore non occaecati assumenda.
226,56355002,09:00:00,2025-05-30,226,40483555,Realizada,59.97,Illo odit magnam.
227,31501430,15:45:00,2025-02-10,227,55213470,Realizada,228.23,Deserunt dignissimos inventore omnis.
228,27712393,13:15:00,2025-02-04,228,45565143,Realizada,268.35,Voluptatibus eligendi accusamus maxime eveniet.
229,76119745,10:30:00,2025-04-26,229,53257757,Pendiente,122.7,Recusandae veritatis culpa odit officiis incidunt.
230,22044568,10:15:00,2025-01-03,230,26765730,Realizada,238.23,Veniam dolor eum illo.
231,47657278,13:45:00,2025-01-30,231,17061113,Pendiente,237.13,Eveniet recusandae accusamus voluptate neque hic dignissimos.
232,60113565,11:45:00,2025-05-17,232,31892556,Cancelada,213.99,Saepe reprehenderit nam.
233,85081056,10:45:00,2025-02-21,233,81550829,Realizada,213.2,Perferendis officia tempora.
234,93584938,12:00:00,2025-03-16,234,53257757,Realizada,242.93,Beatae voluptatibus qui eum dolorem culpa.
235,32453828,13:45:00,2025-05-28,235,27926480,Realizada,42.01,Fugit doloremque rem.
236,61502032,17:45:00,2025-02-14,236,84095686,Cancelada,123.9,Autem earum perferendis.
237,49437044,13:00:00,2025-03-09,237,74845783,Realizada,55.95,Aliquid a blanditiis.
238,67198087,16:15:00,2025-04-07,238,72836970,Cancelada,283.4,Repellendus officiis minus dolores modi.
239,36032580,13:45:00,2025-02-20,239,64735878,Cancelada,283.77,Accusantium autem cum ad ea.
240,38868080,13:15:00,2025-02-08,240,95575112,Realizada,111.54,Ad cumque libero assumenda accusantium.
241,88393275,13:30:00,2025-02-17,241,18034966,Cancelada,254.23,Ea libero molestias repudiandae animi debitis dicta.
242,19857293,14:00:00,2025-03-22,242,33472311,Pendiente,38.61,Ullam eligendi molestias sequi.
243,60113565,08:15:00,2025-06-09,243,84095686,Pendiente,286.14,Unde consequuntur eligendi eum ullam.
244,19280334,15:30:00,2025-04-10,244,53257757,Realizada,257.76,Consectetur occaecati vitae.
245,65721232,11:45:00,2025-01-09,245,67665892,Cancelada,76.01,Molestias illo harum hic.
246,88393275,12:15:00,2025-05-23,246,41708733,Realizada,65.46,Esse ex veniam incidunt itaque reiciendis.
247,66810755,14:30:00,2025-03-15,247,79700365,Realizada,121.68,Nemo totam tenetur.
248,95216714,15:45:00,2025-01-16,248,85550838,Realizada,99.62,Ipsum iusto fuga suscipit voluptas illo.
249,81986371,15:45:00,2025-06-22,249,89352645,Realizada,75.61,Repellendus blanditiis quasi tempora magnam porro.
250,65658788,09:45:00,2025-05-29,250,83944119,Cancelada,102.39,Fugit accusantium dolore nemo voluptas placeat.
251,81986371,12:15:00,2025-01-25,251,49972085,Realizada,42.84,Autem dolores facere odit voluptas.
252,30096856,08:00:00,2025-01-21,252,39781020,Pendiente,166.04,Ipsa omnis fugiat officia odit.
253,57426648,11:45:00,2025-02-22,253,67665892,Realizada,261.32,Voluptatibus ut commodi.
254,19280334,16:30:00,2025-03-16,254,92050216,Pendiente,218.42,Molestiae necessitatibus illo.
255,28570823,14:30:00,2025-04-05,255,25289714,Realizada,158.55,Tenetur autem eos.
256,50886936,16:15:00,2025-05-02,256,83944119,Realizada,197.34,Cupiditate hic tenetur rerum.
257,74834394,13:15:00,2025-01-04,257,25289714,Realizada,36.55,Unde ab dicta.
258,64690555,14:45:00,2025-03-14,258,74845783,Realizada,89.52,Ea ad ullam amet.
259,61502032,11:00:00,2025-01-05,259,27926480,Realizada,267.0,Dolore sit eos.
260,86545508,08:45:00,2025-01-26,260,72836970,Cancelada,109.53,Totam enim repellendus veniam.
261,67198087,12:30:00,2025-02-28,261,69959035,Realizada,227.03,Voluptatem nostrum itaque voluptate asperiores ratione.
262,93385409,11:00:00,2025-05-06,262,49972085,Cancelada,249.77,Aliquid enim voluptate at modi ab.
263,27561046,15:45:00,2025-05-07,263,25289714,Pendiente,156.55,Eos assumenda sequi deserunt dignissimos quia.
264,67198087,09:45:00,2025-04-29,264,17171039,Pendiente,287.67,Accusantium vero quaerat quidem.
265,97231202,13:00:00,2025-06-04,265,17061113,Realizada,162.49,Dolore ipsam ducimus nisi eveniet.
266,34305289,11:00:00,2025-02-26,266,27926480,Cancelada,127.22,Aspernatur soluta dolorum iusto laboriosam.
267,28653012,13:30:00,2025-06-09,267,17171039,Realizada,190.84,Illo nam quam.
268,45121235,09:30:00,2025-04-24,268,25289714,Realizada,189.91,Alias libero repellendus ut dicta.
269,40162287,08:30:00,2025-01-11,269,67665892,Pendiente,107.27,Ipsam facilis eius unde eligendi.
270,76295675,14:00:00,2025-05-23,270,39781020,Realizada,236.15,Tempora facere accusamus reiciendis ea.
271,29219804,13:15:00,2025-06-24,271,43496230,Realizada,259.12,Accusamus aspernatur adipisci ratione.
272,28570823,09:00:00,2025-06-11,272,43496230,Pendiente,255.55,Molestias saepe minus nulla.
273,32453828,10:15:00,2025-05-08,273,17061113,Pendiente,145.33,Tempora assumenda iusto dolorum.
274,40191996,14:00:00,2025-02-25,274,59260460,Cancelada,250.83,Eos cumque dolorem dolores reiciendis.
275,88393275,10:45:00,2025-04-14,275,25289714,Pendiente,296.07,Quis perspiciatis error libero neque repellat.
276,39487882,10:45:00,2025-01-01,276,27926480,Realizada,154.1,Sunt eveniet laborum magnam alias aliquam.
277,67198087,13:30:00,2025-01-21,277,85550838,Realizada,53.87,Inventore perspiciatis fugiat molestiae.
278,12320417,11:30:00,2025-05-11,278,83944119,Realizada,213.7,Natus animi atque.
279,98244389,11:30:00,2025-01-14,279,98391320,Realizada,292.64,Maiores excepturi eligendi.
280,18641255,15:15:00,2025-02-23,280,81550829,Realizada,288.7,Aperiam quo est ab non deserunt.
281,60687700,08:30:00,2025-03-24,281,31892556,Realizada,166.41,Nam earum minima.
282,95950942,09:30:00,2025-06-11,282,94986642,Realizada,135.29,Repellendus cum quod soluta dicta.
283,58358599,14:45:00,2025-04-20,283,69959035,Realizada,206.85,Occaecati deleniti temporibus.
284,60687700,11:15:00,2025-05-08,284,27926480,Realizada,259.67,Ducimus optio repudiandae suscipit nemo suscipit.
285,31501430,10:30:00,2025-04-01,285,85550838,Realizada,298.09,Cum itaque veritatis dignissimos.
286,40162287,14:30:00,2025-04-01,286,25289714,Realizada,74.7,Magnam excepturi id dolor dolorem inventore.
287,38985591,14:30:00,2025-05-31,287,94986642,Realizada,80.66,Quas aliquid quam occaecati mollitia voluptas.
288,56355002,10:15:00,2025-05-15,288,85059196,Realizada,246.1,Beatae accusantium ea reiciendis.
289,38985591,17:45:00,2024-12-31,289,17171039,Realizada,229.6,A totam in accusantium asperiores magnam.
290,93385409,15:00:00,2025-06-21,290,95575112,Realizada,105.33,Similique blanditiis explicabo error.
291,95216714,13:45:00,2025-05-31,291,95575112,Realizada,112.74,Incidunt id sit iste distinctio quisquam.
292,29219804,13:45:00,2025-06-22,292,43496230,Realizada,199.99,Iusto necessitatibus nesciunt.
293,50468260,09:30:00,2024-12-30,293,69959035,Realizada,281.06,Sed laudantium fugit iure dignissimos.
294,57426648,11:45:00,2025-01-20,294,84095686,Realizada,218.14,Iste neque fugit quidem.
295,40162287,10:30:00,2025-06-27,295,92050216,Realizada,250.88,Soluta ullam inventore.
296,60531924,14:30:00,2025-02-03,296,81550829,Pendiente,222.01,Quod ut odio cumque dignissimos.
297,75595115,10:45:00,2025-04-15,297,74845783,Pendiente,124.47,Cumque fugit ea.
298,67198087,15:30:00,2025-05-26,298,42881519,Cancelada,174.53,Rerum fuga totam ipsum consectetur qui.
299,95357386,15:45:00,2025-04-08,299,37720792,Cancelada,155.92,Cupiditate impedit est recusandae.
300,74834394,17:45:00,2025-06-26,300,61284804,Realizada,199.44,Molestiae tempore quae voluptate unde.
301,69598928,08:15:00,2025-02-24,301,26765730,Pendiente,263.75,Maiores expedita maxime dolorum.
302,66354601,16:45:00,2025-03-19,302,33472311,Cancelada,228.51,Similique error alias mollitia cupiditate.
303,91352137,09:00:00,2025-04-20,303,53257757,Realizada,119.25,Ut rerum assumenda laborum facilis maiores.
304,36147757,11:30:00,2025-06-23,304,68333054,Realizada,73.77,Iste incidunt praesentium voluptatum illum excepturi.
305,11294269,12:15:00,2025-01-11,305,18034966,Pendiente,44.06,Repudiandae adipisci ea porro.
306,74834394,16:30:00,2025-06-11,306,43496230,Realizada,30.62,Sapiente itaque assumenda.
307,19857293,12:15:00,2025-04-10,307,37720792,Cancelada,287.07,Perferendis deserunt natus facere velit.
308,79890158,17:30:00,2025-02-24,308,49972085,Cancelada,90.2,Asperiores necessitatibus autem non fugiat incidunt.
309,57426648,14:45:00,2025-05-02,309,74845783,Realizada,190.23,Neque dolorum debitis.
310,38868080,15:30:00,2025-06-05,310,42881519,Realizada,210.31,Saepe tempore aut.
311,61502032,12:15:00,2025-03-30,311,25289714,Realizada,260.01,Et ullam alias.
312,19280334,08:30:00,2025-04-04,312,74052381,Pendiente,283.02,Porro dolorum repudiandae laborum voluptas.
313,76119745,11:45:00,2025-01-30,313,85550838,Realizada,232.32,Quas delectus at reiciendis similique.
314,40162287,12:00:00,2025-01-26,314,94986642,Realizada,93.58,Saepe sit sapiente quis aut ducimus.
315,88393275,14:30:00,2025-01-25,315,78249006,Realizada,249.05,Amet ratione voluptatibus optio tempore perferendis.
316,40162287,14:15:00,2025-06-19,316,25289714,Realizada,235.58,Cupiditate placeat esse suscipit.
317,18641255,14:00:00,2025-02-07,317,55213470,Realizada,139.25,Quas porro sint aspernatur consequuntur nesciunt.
318,31501430,15:00:00,2025-04-18,318,18034966,Realizada,154.15,Placeat fugiat impedit.
319,34846734,16:15:00,2025-04-10,319,61284804,Realizada,224.36,Delectus quo doloremque.
320,95357386,10:15:00,2025-05-25,320,80645867,Realizada,241.74,Enim perferendis ipsam eveniet dolorem.
321,47657278,10:00:00,2025-06-09,321,53257757,Realizada,112.98,Illo quis iusto mollitia voluptas.
322,34846734,10:45:00,2025-03-24,322,46487705,Pendiente,61.04,Ex eos et quos.
323,69598928,10:00:00,2025-05-08,323,25289714,Realizada,114.33,Sequi sit harum corrupti sapiente maxime.
324,72546683,11:15:00,2025-05-03,324,68367134,Realizada,287.07,Animi quia aut molestiae.
325,30096856,17:30:00,2025-06-17,325,81001783,Cancelada,66.32,Laboriosam repudiandae reiciendis ea ab.
326,69773398,12:30:00,2025-04-11,326,80974491,Realizada,72.73,Porro iure eligendi facere error numquam.
327,91994498,14:30:00,2025-02-07,327,48251892,Realizada,84.34,Recusandae et iure cupiditate.
328,65721232,09:15:00,2025-04-19,328,27926480,Pendiente,239.07,Nihil animi eligendi similique quidem earum.
329,28542183,15:45:00,2025-05-26,329,26765730,Realizada,224.32,Quo natus deserunt provident facere molestias.
330,60531924,12:00:00,2025-05-16,330,60663810,Realizada,106.45,Quibusdam beatae ipsa occaecati.
331,93385409,12:45:00,2025-06-10,331,89352645,Realizada,280.76,At odit qui corrupti dignissimos voluptate.
332,27427266,13:15:00,2025-06-12,332,17061113,Pendiente,99.33,Minus repellat excepturi.
333,27561046,10:15:00,2025-02-02,333,68333054,Realizada,216.05,Nam dolor adipisci ea.
334,95357386,14:30:00,2025-05-10,334,68333054,Realizada,79.87,Rem at temporibus maxime itaque.
335,31502428,17:30:00,2025-06-21,335,31892556,Realizada,96.45,Quidem nobis accusantium non ut atque expedita.
336,65658788,14:30:00,2025-04-18,336,59260460,Realizada,290.21,Voluptatibus illum at quos consequuntur.
337,88393275,17:45:00,2025-01-17,337,79700365,Realizada,223.43,Dolores aliquid aliquam commodi ipsam.
338,88393275,15:30:00,2025-02-01,338,83944119,Realizada,218.23,Odio delectus sint rem unde consequatur.
339,50886936,10:30:00,2025-01-05,339,48251892,Realizada,148.11,Doloremque qui quasi quaerat esse.
340,39487882,09:00:00,2025-01-06,340,25536844,Realizada,184.53,Laboriosam et maxime eaque facilis.
341,33950128,13:15:00,2025-06-16,341,98391320,Realizada,32.49,Hic aspernatur itaque.
342,76295675,15:30:00,2025-05-14,342,68367134,Realizada,135.36,Iure inventore laudantium suscipit.
343,18641255,13:15:00,2025-03-29,343,81001783,Realizada,70.81,Sint deleniti debitis.
344,31502428,16:00:00,2025-06-07,344,25536844,Cancelada,119.33,Earum optio saepe harum deserunt.
345,50468260,11:00:00,2025-04-13,345,20087633,Realizada,255.16,Velit temporibus quos laboriosam.
346,58506571,16:30:00,2025-01-23,346,45565143,Cancelada,285.0,Provident similique nisi.
347,69773398,11:30:00,2025-03-07,347,94986642,Realizada,265.21,Eum corporis nam quod quo.
348,36032580,17:15:00,2025-03-27,348,25289714,Pendiente,41.55,Vero ab aliquid.
349,91352137,17:00:00,2025-05-21,349,60663810,Pendiente,250.18,Quos nam eveniet cum hic aliquam.
350,76430643,13:15:00,2025-04-30,350,74052381,Realizada,30.06,Aliquid ab nesciunt suscipit maiores eius.
351,65721232,11:00:00,2025-01-06,351,39781020,Cancelada,284.23,Pariatur quia iusto velit blanditiis.
352,30185197,12:15:00,2025-05-12,352,94986642,Realizada,70.1,Vel ullam dolore cumque quae.
353,27712393,13:45:00,2025-01-15,353,89352645,Realizada,185.58,Et doloribus pariatur voluptas officia perspiciatis.
354,39487882,17:45:00,2025-02-13,354,33472311,Realizada,57.14,Similique nulla minima ipsam consequatur.
355,22044568,13:45:00,2025-04-14,355,22019123,Pendiente,53.23,At non molestias nisi magnam magni.
356,36032580,16:00:00,2025-02-04,356,26765730,Realizada,247.55,Eligendi illum voluptas illo officia exercitationem laboriosam.
357,27561046,11:45:00,2025-04-26,357,45565143,Realizada,75.56,Iure consectetur nihil doloremque saepe qui.
358,12320417,12:15:00,2025-02-01,358,68333054,Pendiente,250.62,Necessitatibus labore eveniet temporibus.
359,50886936,17:00:00,2025-05-21,359,94986642,Realizada,268.87,Similique laboriosam optio cum distinctio eos.
360,58358599,11:30:00,2025-02-25,360,22019123,Realizada,288.34,Quas neque hic dicta illum ducimus.
361,69773398,10:45:00,2025-01-22,361,53257757,Realizada,102.16,Ducimus voluptate qui et.
362,30096856,09:45:00,2025-03-11,362,92050216,Realizada,265.04,Sit expedita corporis id.
363,12320417,10:30:00,2025-03-31,363,72836970,Realizada,136.51,Unde facere quo.
364,28542183,08:00:00,2025-05-29,364,27926480,Cancelada,236.14,Aut ad maxime ipsa.
365,63638867,14:30:00,2025-06-16,365,25289714,Realizada,248.65,Commodi laborum doloribus neque.
366,65658788,12:30:00,2025-05-05,366,48251892,Pendiente,119.75,Aliquid facere perferendis voluptate.
367,93584938,12:15:00,2025-03-27,367,67665892,Realizada,180.58,Amet accusamus recusandae.
368,50468260,12:45:00,2025-05-24,368,89352645,Cancelada,294.08,Numquam totam dolore tempora consequatur.
369,81986371,08:00:00,2025-05-21,369,84095686,Realizada,146.47,Consectetur maiores temporibus.
370,30787386,15:30:00,2025-06-23,370,80645867,Cancelada,47.29,Est dolores eveniet quisquam pariatur.
371,34305289,10:15:00,2025-01-25,371,74052381,Realizada,146.5,Reiciendis maiores magni porro.
372,60531924,17:30:00,2025-01-19,372,92050216,Realizada,233.79,Perferendis totam molestiae.
373,55288036,13:30:00,2025-04-01,373,89352645,Cancelada,78.3,Similique voluptas quidem vitae esse similique.
374,19198923,15:15:00,2025-03-17,374,78249006,Realizada,292.74,Et odit quae eum aspernatur.
375,32453828,12:45:00,2025-05-18,375,80645867,Realizada,254.34,Modi eos tenetur tempora iste velit.
376,93385409,08:00:00,2025-03-30,376,92050216,Cancelada,241.75,Dolore explicabo qui quisquam.
377,36147757,10:30:00,2025-05-11,377,55213470,Pendiente,106.55,Illum ipsum cupiditate dolor perspiciatis perspiciatis.
378,76119745,12:30:00,2025-03-01,378,31892556,Realizada,87.45,Repudiandae asperiores dignissimos reprehenderit.
379,31502428,13:45:00,2025-04-19,379,45565143,Realizada,146.42,Natus veniam odit ipsam.
380,65658788,16:15:00,2025-05-18,380,25289714,Realizada,41.01,Architecto quasi nam voluptatibus aperiam quis.
381,11294269,08:15:00,2025-02-22,381,42023992,Realizada,240.81,Incidunt necessitatibus excepturi deleniti aliquid.
382,80981575,17:45:00,2025-02-03,382,17171039,Realizada,158.92,Perspiciatis incidunt quibusdam.
383,55319884,09:30:00,2024-12-28,383,48251892,Realizada,130.79,Modi nesciunt quibusdam illum id nobis.
384,63638867,08:30:00,2025-05-25,384,53257757,Realizada,104.0,Accusamus tempora quaerat laboriosam sit quae.
385,30096856,11:30:00,2025-01-20,385,41708733,Realizada,80.81,Sit sapiente dignissimos explicabo optio.
386,64690555,14:45:00,2025-01-07,386,84095686,Pendiente,200.08,Tempora ullam et nemo molestias unde.
387,91994498,12:45:00,2025-03-19,387,74845783,Realizada,186.87,Magnam perferendis minus mollitia.
388,74834394,17:00:00,2025-02-22,388,89352645,Realizada,255.13,Delectus hic numquam consequuntur.
389,67198087,09:30:00,2025-05-16,389,94986642,Pendiente,75.11,Fugit laboriosam quas reiciendis autem.
390,91994498,08:45:00,2025-05-21,390,68367134,Pendiente,139.88,Dolorum laboriosam culpa.
391,73543500,17:15:00,2025-06-20,391,39781020,Pendiente,105.28,Quae voluptatibus dolorem officiis omnis.
392,21000309,17:30:00,2025-06-20,392,89352645,Realizada,293.68,Error officia beatae similique ea.
393,31502428,17:45:00,2025-04-01,393,95575112,Realizada,117.69,Quidem animi expedita minus quod.
394,21794942,11:45:00,2025-02-13,394,37720792,Pendiente,297.65,Harum accusamus dolorum ipsam voluptatem voluptate.
395,98244389,13:00:00,2025-05-22,395,25289714,Realizada,141.34,Quod non accusamus eum.
396,75595115,16:45:00,2025-04-06,396,74845783,Realizada,77.05,Velit tempore numquam eum.
397,60113565,14:00:00,2025-01-23,397,98391320,Realizada,85.92,Officiis consequatur unde pariatur nostrum iusto.
398,53529481,17:30:00,2025-03-21,398,27926480,Realizada,132.29,Consequatur cum ipsam.
399,55319884,08:30:00,2025-04-11,399,61284804,Pendiente,186.61,Nobis dolores ipsa.
400,57426648,09:30:00,2025-04-07,400,85550838,Realizada,258.63,Cumque recusandae magni a reprehenderit repellat.
401,66810755,16:30:00,2025-01-21,401,17061113,Pendiente,166.37,Vitae quam id quod.
402,19857293,10:45:00,2025-03-05,402,60663810,Pendiente,220.62,Aliquid ex dignissimos minima ipsum totam.
403,36147757,10:15:00,2025-04-04,403,98391320,Realizada,41.56,Mollitia magni assumenda.
404,64690555,17:30:00,2025-05-10,404,22019123,Cancelada,252.37,Nemo aut laborum deserunt delectus.
405,60687700,08:15:00,2025-06-20,405,61284804,Realizada,115.91,Ipsum non recusandae accusantium cum.
406,88393275,10:30:00,2025-03-07,406,83944119,Realizada,160.31,Aperiam in possimus dolore.
407,31501430,14:00:00,2025-02-20,407,78249006,Pendiente,141.11,Voluptate amet vero itaque odio corrupti.
408,49437044,08:45:00,2025-05-11,408,81550829,Pendiente,275.32,Laborum eos distinctio reprehenderit nesciunt laudantium.
409,54375666,16:30:00,2025-02-12,409,41708733,Realizada,236.04,Excepturi numquam et impedit.
410,40191996,13:45:00,2025-05-18,410,78249006,Realizada,89.64,Dolorem odit eligendi.
411,86545508,17:15:00,2025-05-23,411,18034966,Cancelada,222.7,Quae officia consequatur consectetur consequatur corrupti.
412,27427266,14:45:00,2025-05-30,412,20087633,Realizada,112.33,Ea voluptates porro tempora iure suscipit.
413,97231202,15:00:00,2025-01-01,413,74052381,Realizada,247.1,Assumenda quo inventore consequuntur inventore.
414,66354601,17:15:00,2025-05-30,414,40483555,Realizada,184.83,Doloribus hic laborum.
415,76295675,13:15:00,2025-05-17,415,43496230,Realizada,148.12,Quam amet tenetur quibusdam.
416,88796800,08:00:00,2025-03-23,416,95575112,Realizada,153.84,Fugiat vero distinctio numquam.
417,93998447,10:00:00,2025-01-21,417,26765730,Realizada,97.51,Similique expedita ducimus vero soluta neque.
418,64833983,13:45:00,2025-01-28,418,17061113,Pendiente,50.55,Ex provident quisquam.
419,55748283,16:30:00,2025-05-31,419,74845783,Realizada,150.59,Veritatis excepturi tempora quod illum consequuntur.
420,47657278,08:45:00,2025-03-05,420,46487705,Realizada,187.17,Itaque atque accusamus eaque esse in.
421,65721232,16:15:00,2025-06-08,421,37720792,Realizada,278.51,Ipsam beatae numquam necessitatibus officiis.
422,49437044,15:15:00,2025-02-25,422,43496230,Realizada,78.32,Distinctio et deleniti earum neque sequi.
423,88796800,11:45:00,2025-02-19,423,60663810,Realizada,224.03,Eveniet dolores odio aliquam incidunt.
424,66354601,08:45:00,2025-03-29,424,25289714,Cancelada,34.04,Maxime odio rem.
425,13844047,14:15:00,2025-03-26,425,59260460,Realizada,220.67,Sed ratione suscipit.
426,54430965,14:15:00,2025-03-17,426,78249006,Realizada,40.47,Eum nulla asperiores.
427,72546683,11:45:00,2025-01-18,427,59260460,Realizada,238.22,Neque nihil non beatae.
428,21000309,10:30:00,2025-04-09,428,55213470,Pendiente,292.2,Architecto excepturi sed aliquam minus.
429,54430965,16:00:00,2025-06-23,429,74052381,Realizada,227.48,Fuga corrupti nulla vel.
430,66810755,17:15:00,2025-06-18,430,25289714,Realizada,162.53,Mollitia natus non.
431,73543500,17:15:00,2025-03-11,431,46487705,Realizada,116.78,Expedita quos ut blanditiis.
432,57426648,15:45:00,2025-06-05,432,49972085,Realizada,264.81,Necessitatibus sapiente eveniet eos.
433,60687700,13:45:00,2025-02-10,433,78249006,Realizada,299.76,Dolore culpa adipisci quas.
434,75595115,08:30:00,2025-05-24,434,78249006,Realizada,181.83,Ut quisquam aspernatur minima ab.
435,27703570,12:30:00,2025-02-26,435,92050216,Pendiente,235.59,Quos deserunt recusandae atque alias error.
436,27712393,17:30:00,2025-03-17,436,55213470,Realizada,88.38,Consequuntur quibusdam reprehenderit quaerat.
437,85874004,12:45:00,2025-01-21,437,48251892,Cancelada,54.76,Reprehenderit consequuntur quidem reiciendis.
438,19198923,08:15:00,2025-06-21,438,95575112,Realizada,288.39,Rem maiores blanditiis est quis sunt.
439,28570823,14:30:00,2025-03-17,439,72836970,Realizada,178.92,Accusamus accusamus harum.
440,63638867,08:45:00,2025-04-22,440,25536844,Realizada,290.67,Cum quasi dicta autem necessitatibus minus.
441,22044568,14:00:00,2025-05-09,441,95575112,Realizada,34.57,Doloremque nihil voluptatibus quos odit ex.
442,91962934,15:00:00,2025-06-10,442,27926480,Realizada,34.97,Necessitatibus ad est.
443,80981575,16:00:00,2025-04-17,443,17171039,Realizada,252.48,Nostrum exercitationem odio molestiae repellendus cumque.
444,69420990,12:00:00,2025-03-24,444,25289714,Realizada,99.25,Quisquam cum quibusdam alias.
445,72546683,08:15:00,2025-02-03,445,81550829,Realizada,68.27,Debitis corporis recusandae laudantium distinctio totam.
446,28542183,17:30:00,2025-01-25,446,67665892,Realizada,291.7,Harum explicabo sit iusto cupiditate.
447,76295675,14:30:00,2025-01-04,447,20087633,Realizada,167.91,Unde numquam iusto.
448,58358599,12:30:00,2025-02-13,448,83944119,Realizada,250.81,Deleniti ea molestias blanditiis consequatur velit.
449,74834394,10:15:00,2025-03-20,449,49972085,Realizada,37.18,Nemo quod ipsum possimus atque.
450,54430965,15:00:00,2025-04-18,450,72836970,Pendiente,111.8,Porro dolorum placeat quae ab.
451,85081056,10:30:00,2025-02-25,451,81001783,Realizada,242.69,Atque ducimus sit et eos.
452,74834394,13:15:00,2025-03-13,452,81550829,Realizada,278.56,Facilis nostrum reprehenderit.
453,13844047,13:45:00,2025-05-16,453,74052381,Realizada,148.81,Nihil eligendi ipsum sed minus harum voluptatibus.
454,38985591,09:30:00,2025-03-04,454,26765730,Realizada,37.74,Aliquam voluptas libero sequi.
455,33033899,16:45:00,2025-05-09,455,31892556,Realizada,49.34,Cupiditate at temporibus delectus quas explicabo.
456,37256554,15:30:00,2025-05-30,456,95575112,Realizada,246.95,Repellat ipsa provident ipsa suscipit.
457,55748283,12:00:00,2025-03-29,457,94986642,Realizada,221.76,Beatae eius voluptatem.
458,55319884,14:30:00,2025-03-23,458,67665892,Realizada,80.65,Enim quo temporibus consequuntur sed.
459,31501430,14:00:00,2025-03-28,459,80974491,Cancelada,164.09,Facilis et pariatur vitae.
460,34846734,15:15:00,2025-06-03,460,79700365,Pendiente,65.87,Iusto quis pariatur reiciendis.
461,21794942,16:45:00,2025-06-01,461,33472311,Realizada,279.36,Magnam atque error.
462,75595115,14:45:00,2025-06-07,462,79700365,Pendiente,186.24,Minima consequatur vel necessitatibus soluta voluptate.
463,12320417,12:15:00,2025-01-19,463,59260460,Cancelada,85.43,Delectus aliquid aliquam ab explicabo illum.
464,27703570,16:30:00,2025-04-15,464,37720792,Realizada,68.01,Vero corporis odit a.
465,27703570,10:00:00,2025-06-18,465,92050216,Realizada,215.74,Id excepturi rerum quod praesentium.
466,53529481,16:30:00,2025-03-17,466,17061113,Realizada,171.78,Temporibus in voluptatibus inventore architecto.
467,55748283,08:00:00,2025-03-14,467,95575112,Realizada,145.17,Adipisci velit autem sed.
468,22044568,16:15:00,2025-02-03,468,81550829,Pendiente,284.7,Porro accusantium dolores repudiandae rerum voluptate.
469,30096856,11:30:00,2025-05-08,469,89352645,Realizada,202.99,Perferendis eius ratione.
470,27712393,16:30:00,2025-06-22,470,61284804,Realizada,273.79,Velit quis facere nesciunt aut eveniet.
471,79890158,12:00:00,2025-03-09,471,33472311,Pendiente,195.71,Voluptate possimus asperiores officia.
472,30787386,11:15:00,2025-04-03,472,43496230,Realizada,241.29,Odio consequatur quis consectetur quo aliquam.
473,36147757,08:15:00,2025-04-26,473,79700365,Realizada,148.32,Aspernatur odit nulla sunt cum.
474,32179431,12:15:00,2025-04-11,474,81550829,Pendiente,93.1,Non est porro.
475,69598928,09:30:00,2025-02-08,475,39781020,Realizada,96.51,Dignissimos nostrum placeat deleniti fugit.
476,38985591,13:45:00,2025-04-28,476,83944119,Realizada,255.36,Possimus magni nihil necessitatibus repellat.
477,39487882,12:15:00,2025-02-02,477,31892556,Realizada,154.34,Perspiciatis doloribus nihil similique.
478,28570823,11:45:00,2025-04-29,478,67665892,Pendiente,182.04,Deleniti explicabo alias.
479,22044568,10:30:00,2025-04-01,479,22019123,Cancelada,217.91,Distinctio consectetur fugiat accusantium consequuntur.
480,81986371,13:00:00,2025-06-18,480,85550838,Pendiente,144.86,Magnam quae molestias.
481,38985591,08:45:00,2025-02-13,481,26765730,Realizada,160.76,Perferendis soluta quisquam quas veniam.
482,32453828,17:45:00,2025-06-11,482,40483555,Pendiente,264.42,Iste dolorem laborum officiis maxime.
483,91352137,12:30:00,2025-06-08,483,25536844,Realizada,63.45,Doloremque nemo vel.
484,31502428,12:15:00,2025-06-23,484,20087633,Realizada,279.04,Nemo molestiae quibusdam perferendis.
485,29219804,11:30:00,2025-05-25,485,37720792,Realizada,38.57,Quisquam nostrum totam officia.
486,19857293,16:45:00,2025-05-15,486,53257757,Pendiente,36.78,Odit quis quia ratione.
487,70020137,12:00:00,2025-05-13,487,78249006,Realizada,246.81,Dolores incidunt autem.
488,19198923,17:00:00,2025-03-18,488,85059196,Realizada,269.59,Distinctio omnis reprehenderit ipsa architecto.
489,29219804,11:15:00,2025-06-05,489,72836970,Pendiente,139.48,Quia assumenda quia.
490,30185197,11:15:00,2025-01-07,490,61284804,Realizada,211.1,Asperiores asperiores debitis reiciendis.
491,31501430,10:15:00,2025-04-23,491,94986642,Realizada,81.66,Hic praesentium id quam natus.
492,63638867,09:45:00,2025-01-03,492,80974491,Realizada,49.41,Rem totam voluptatibus.
493,40162287,15:00:00,2024-12-31,493,61284804,Realizada,153.06,Cum vitae assumenda doloremque velit maiores.
494,67198087,17:00:00,2025-02-16,494,81001783,Realizada,119.66,Quo dignissimos quibusdam.
495,93584938,10:15:00,2025-03-06,495,60663810,Realizada,114.61,Laboriosam sint vitae esse.
496,58506571,08:30:00,2025-03-04,496,22019123,Realizada,163.3,Magni aut pariatur commodi corporis.
497,60113565,16:00:00,2025-03-19,497,92050216,Realizada,299.42,Cupiditate magnam voluptates nam doloremque.
498,69598928,10:30:00,2025-03-01,498,81001783,Realizada,221.55,Occaecati amet est repudiandae aperiam voluptatum.
499,60113565,11:15:00,2025-06-04,499,26765730,Pendiente,242.39,Officia quia velit.
500,95950942,15:00:00,2025-02-16,500,85059196,Realizada,293.27,Distinctio cumque nam ipsam aperiam.
501,88796800,11:30:00,2025-05-10,501,72836970,Pendiente,105.14,Aspernatur molestiae ab dolore.
502,72546683,15:00:00,2025-06-11,502,69959035,Realizada,32.41,Aspernatur nemo aliquam atque.
503,72546683,13:00:00,2025-05-31,503,68367134,Realizada,191.12,Rem sed maxime enim dolores consequatur.
504,38985591,16:45:00,2025-05-29,504,41708733,Realizada,199.21,Dolore dolores dolor illum eaque non enim.
505,40191996,15:45:00,2025-04-27,505,85059196,Realizada,118.91,Tempora neque sunt.
506,72546683,10:00:00,2025-05-22,506,45565143,Pendiente,83.88,Nisi quisquam rem nobis.
507,30787386,10:45:00,2025-02-26,507,81550829,Realizada,83.35,Sit necessitatibus expedita.
508,58506571,15:00:00,2025-03-24,508,85550838,Pendiente,73.72,Doloremque omnis odit minima molestiae.
509,21794942,12:00:00,2025-01-08,509,55213470,Realizada,40.11,Perferendis pariatur quaerat.
510,34305289,08:45:00,2025-03-18,510,31892556,Cancelada,187.78,Eligendi non ea.
511,64833983,14:15:00,2025-02-05,511,39781020,Realizada,87.37,Delectus laborum quas eaque cumque culpa.
512,19857293,09:15:00,2025-05-04,512,46487705,Realizada,261.0,Quae consequuntur repudiandae repudiandae pariatur.
513,58358599,14:15:00,2025-03-18,513,49972085,Realizada,275.95,Itaque harum molestias veniam temporibus.
514,60531924,09:30:00,2025-03-15,514,33472311,Realizada,87.49,Sed ratione cum minima.
515,79890158,11:00:00,2025-03-01,515,48251892,Realizada,193.37,Sequi aut corrupti iste.
516,88393275,10:45:00,2025-05-13,516,80974491,Realizada,38.93,Magnam nisi natus ipsa cupiditate magni.
517,97687033,16:15:00,2025-02-04,517,61284804,Realizada,77.68,Esse ut rem voluptates totam soluta.
518,88796800,08:30:00,2025-04-01,518,41708733,Realizada,203.57,Cupiditate quisquam molestiae at itaque incidunt.
519,93998447,14:00:00,2025-03-02,519,17061113,Realizada,135.42,Numquam repellendus sunt dolor.
520,19280334,16:15:00,2024-12-29,520,84095686,Realizada,195.13,Ex veniam ullam.
521,67198087,16:30:00,2025-03-15,521,79700365,Realizada,47.2,Corporis numquam odit eaque est.
522,45121235,16:15:00,2025-01-22,522,48251892,Realizada,222.06,Suscipit laudantium consectetur at qui.
523,81986371,14:45:00,2025-06-02,523,83944119,Realizada,92.22,Odit odio aliquam labore.
524,79890158,12:30:00,2025-03-17,524,60663810,Realizada,287.25,Ex quo est.
525,88393275,09:30:00,2025-03-10,525,26765730,Pendiente,103.74,Harum harum ducimus esse ad.
526,91352137,17:00:00,2025-03-26,526,95575112,Realizada,189.35,Vero dolores laudantium exercitationem mollitia delectus.
527,60113565,09:00:00,2025-01-24,527,20087633,Realizada,141.3,Maxime fugiat facere.
528,27712393,14:45:00,2025-03-31,528,55213470,Realizada,236.86,Quae vitae nostrum fugiat.
529,76295675,12:45:00,2025-02-10,529,42881519,Realizada,47.6,Ipsa vel consequuntur corporis nesciunt autem.
530,36032580,09:15:00,2025-05-18,530,81001783,Realizada,147.06,Ratione ea est enim.
531,58506571,08:15:00,2025-02-23,531,68333054,Realizada,286.27,Debitis sapiente molestiae ad.
532,32179431,17:15:00,2025-03-15,532,61284804,Realizada,287.35,Corporis saepe commodi dolorem.
533,93385409,16:45:00,2025-05-15,533,80974491,Realizada,95.48,Deserunt molestiae ipsam provident.
534,60687700,14:30:00,2025-04-10,534,68333054,Realizada,280.2,Sint vitae illo non.
535,38868080,08:15:00,2025-04-22,535,74052381,Realizada,212.51,Pariatur modi magnam unde maxime nemo.
536,80981575,12:30:00,2025-04-25,536,41708733,Realizada,104.98,Et ab quae corrupti ipsa sequi.
537,21000309,12:30:00,2025-06-16,537,95575112,Pendiente,232.12,Nihil deserunt rem.
538,34846734,14:30:00,2025-05-12,538,33472311,Realizada,235.67,Voluptates temporibus ipsam.
539,33950128,14:30:00,2025-02-20,539,74845783,Pendiente,62.21,Odit fuga cupiditate.
540,31501430,13:15:00,2025-02-22,540,95575112,Realizada,161.22,Magni corrupti temporibus ducimus illum ducimus.
541,13844047,15:00:00,2025-05-18,541,79700365,Pendiente,157.7,Illo fugiat delectus cum quas doloribus.
542,67198087,14:15:00,2025-04-14,542,83944119,Pendiente,294.15,Molestiae voluptatum quaerat error fuga rem.
543,58981449,11:45:00,2025-01-13,543,42023992,Realizada,31.29,Amet non fuga at officiis.
544,69420990,16:15:00,2024-12-29,544,39781020,Pendiente,275.71,Ipsum autem assumenda.
545,13844047,11:30:00,2025-05-19,545,98391320,Realizada,288.48,Ipsum blanditiis perspiciatis aspernatur.
546,36032580,17:15:00,2025-01-23,546,78249006,Cancelada,89.46,Sunt autem nostrum vitae.
547,92783595,13:00:00,2025-03-07,547,40483555,Realizada,32.78,Excepturi repellat ducimus voluptatibus odio.
548,37256554,11:15:00,2025-02-06,548,84095686,Realizada,233.39,Odit in quasi deserunt minima.
549,55288036,10:15:00,2025-03-26,549,69959035,Realizada,91.25,Ducimus suscipit impedit numquam.
550,81986371,13:30:00,2025-05-27,550,72836970,Realizada,230.71,Iusto odit laudantium magni assumenda.
551,33033899,15:45:00,2025-06-06,551,42881519,Realizada,187.45,Ex iste voluptate.
552,95216714,16:30:00,2025-02-07,552,27926480,Pendiente,124.73,At repellat quod.
553,28542183,11:45:00,2025-05-26,553,27926480,Realizada,165.07,Explicabo porro similique rem.
554,47657278,14:00:00,2025-02-17,554,42881519,Realizada,284.96,At esse iure non odio.
555,18641255,09:15:00,2025-02-19,555,43496230,Realizada,253.83,Nisi eaque atque reiciendis a.
556,29219804,12:15:00,2025-01-03,556,78249006,Cancelada,33.28,Delectus dicta dolor officia alias.
557,40191996,12:45:00,2025-06-16,557,64735878,Pendiente,108.83,Dignissimos saepe unde facere.
558,38985591,10:15:00,2025-06-08,558,94986642,Pendiente,168.31,Sit eveniet praesentium voluptas provident blanditiis.
559,76295675,12:30:00,2025-06-17,559,25536844,Realizada,282.55,Veritatis fugiat rem.
560,33033899,16:30:00,2025-05-31,560,49972085,Realizada,94.64,Debitis ducimus non.
561,56355002,08:30:00,2025-04-12,561,85059196,Realizada,34.7,Explicabo nulla dolorem commodi.
562,85874004,10:30:00,2025-04-29,562,67665892,Pendiente,76.37,Sequi animi officiis.
563,60687700,17:45:00,2025-03-01,563,42023992,Cancelada,184.35,Minima corrupti id.
564,98244389,08:45:00,2025-04-05,564,59260460,Pendiente,89.06,Sunt veniam molestias ex eveniet.
565,88393275,17:15:00,2025-04-20,565,43496230,Cancelada,181.28,Expedita magni perferendis dolores quos velit.
566,97231202,10:15:00,2025-01-15,566,48251892,Cancelada,181.25,Blanditiis praesentium dolor animi porro.
567,34846734,12:15:00,2025-05-01,567,81550829,Realizada,52.96,Consequatur aliquam repudiandae iusto.
568,32453828,09:00:00,2025-02-03,568,18034966,Pendiente,212.58,Soluta suscipit odit saepe veritatis dolore.
569,33033899,08:45:00,2025-04-19,569,17171039,Realizada,92.64,Eius tempora natus porro dolorum nam.
570,30787386,12:15:00,2025-05-11,570,80974491,Realizada,52.44,Necessitatibus rem illo doloribus pariatur quis.
571,86545508,16:15:00,2025-05-27,571,72836970,Cancelada,95.75,Quas tempora repellat incidunt.
572,47657278,08:00:00,2025-06-17,572,85550838,Pendiente,207.1,Iusto autem quibusdam.
573,30185197,08:00:00,2025-05-09,573,72836970,Pendiente,44.64,Libero voluptatem eos ut optio.
574,72546683,09:30:00,2025-06-20,574,25289714,Pendiente,222.19,Est cum quibusdam dignissimos necessitatibus aspernatur.
575,33950128,09:45:00,2025-02-24,575,43496230,Realizada,266.49,Commodi dolores ab culpa consequatur hic.
576,36147757,17:15:00,2025-02-18,576,49972085,Cancelada,54.71,Animi veniam qui asperiores.
577,50886936,10:45:00,2025-01-26,577,72836970,Realizada,207.94,Aut et est animi.
578,38868080,11:15:00,2025-03-24,578,79700365,Pendiente,56.36,Excepturi qui debitis natus saepe soluta.
579,88393275,10:15:00,2025-01-25,579,20087633,Pendiente,95.51,Ut at dolor sequi.
580,38985591,11:45:00,2025-05-19,580,74845783,Cancelada,162.39,Veritatis provident facere.
581,60687700,15:15:00,2025-03-22,581,48251892,Pendiente,70.57,Aut corrupti nam expedita.
582,21794942,16:00:00,2025-05-16,582,60663810,Realizada,134.86,Ducimus libero aliquam.
583,70020137,15:30:00,2025-02-26,583,33472311,Realizada,70.57,Sint eligendi quidem.
584,63638867,11:45:00,2025-02-20,584,20087633,Realizada,87.38,Nihil veritatis provident ipsa consectetur.
585,74834394,13:30:00,2025-01-05,585,79700365,Realizada,49.4,Veritatis at eveniet harum optio.
586,69420990,15:15:00,2025-01-02,586,26765730,Realizada,159.39,Rem ab magni.
587,19198923,13:30:00,2025-01-04,587,48251892,Realizada,194.07,Dignissimos vero nemo.
588,12320417,09:30:00,2025-05-31,588,45565143,Pendiente,246.98,Sed voluptatibus atque corporis voluptatem.
589,65721232,14:45:00,2025-06-24,589,85059196,Pendiente,179.12,Fugit exercitationem aliquam eaque est.
590,12320417,15:15:00,2025-06-27,590,55213470,Realizada,123.44,Veniam minus reprehenderit sit.
591,27712393,11:00:00,2025-03-30,591,80974491,Pendiente,236.57,Expedita at rerum pariatur eum alias.
592,34305289,17:30:00,2025-06-12,592,69959035,Realizada,295.19,Expedita exercitationem nisi expedita minima eligendi.
593,95357386,17:15:00,2025-01-30,593,74845783,Realizada,247.88,Fuga quas repellat temporibus error.
594,91352137,13:45:00,2025-01-26,594,43496230,Realizada,288.57,Natus molestias non atque vitae doloribus.
595,92783595,13:45:00,2025-04-28,595,20087633,Realizada,228.44,Qui modi quas inventore odit.
596,91994498,11:00:00,2025-04-02,596,74845783,Realizada,73.17,Culpa quisquam vero omnis rerum occaecati.
597,38985591,10:00:00,2025-05-31,597,69959035,Pendiente,71.36,A excepturi ipsam accusantium maxime.
598,33950128,11:30:00,2025-03-31,598,72836970,Realizada,196.97,Sequi suscipit provident reiciendis optio.
599,53529481,08:00:00,2025-03-26,599,42023992,Cancelada,264.19,Dicta optio quod.
600,30096856,17:15:00,2025-01-31,600,61284804,Realizada,268.75,Harum numquam vel nemo debitis adipisci.
601,27703570,15:00:00,2025-05-03,601,67665892,Realizada,60.91,Mollitia ut adipisci voluptate quia.
602,27703570,08:00:00,2025-05-08,602,69959035,Realizada,213.34,Libero vitae harum assumenda earum qui in.
603,91352137,16:00:00,2025-02-26,603,89352645,Realizada,149.03,Temporibus libero alias quam earum.
604,55319884,11:45:00,2025-04-16,604,18034966,Realizada,46.22,Consectetur quae voluptates.
605,27561046,13:45:00,2025-02-14,605,67665892,Cancelada,189.16,Odio asperiores nostrum nisi.
606,22723132,11:45:00,2025-04-15,606,74845783,Pendiente,124.42,Rerum id neque optio itaque.
607,91994498,11:30:00,2025-01-20,607,53257757,Realizada,299.65,Architecto dolorum placeat error fugiat alias voluptatibus.
608,69598928,12:15:00,2025-05-01,608,78249006,Realizada,230.11,Maiores autem possimus.
609,73543500,17:45:00,2025-02-09,609,59260460,Realizada,54.56,Nulla commodi quibusdam laborum corporis assumenda.
610,75595115,16:15:00,2025-01-11,610,26765730,Realizada,277.14,Maiores quis fugit similique laudantium.
611,88796800,14:15:00,2025-02-27,611,84095686,Cancelada,59.31,Aspernatur est ipsum minus.
612,63638867,17:15:00,2025-05-19,612,59260460,Realizada,126.03,Odio ea illo.
613,72546683,10:00:00,2025-02-04,613,37720792,Realizada,205.98,At repellat consequuntur veniam modi.
614,67198087,08:30:00,2025-01-15,614,25536844,Realizada,266.15,Ipsa nisi a nulla dolores.
615,95950942,10:00:00,2025-02-16,615,68367134,Realizada,77.94,Cumque veritatis nesciunt.
616,60687700,11:30:00,2025-02-06,616,45565143,Pendiente,70.17,Dicta at odio sit.
617,32453828,15:15:00,2024-12-30,617,49972085,Realizada,191.82,Cupiditate tenetur deleniti.
618,34846734,16:15:00,2025-06-08,618,26765730,Cancelada,230.21,Amet atque aliquid sapiente.
619,92783595,08:15:00,2025-03-16,619,31892556,Pendiente,38.37,Earum commodi dignissimos.
620,37256554,13:45:00,2025-03-02,620,61284804,Realizada,111.19,Culpa eveniet facilis dolorem.
621,91994498,12:30:00,2025-01-23,621,55213470,Cancelada,186.28,Ipsa quas culpa.
622,95216714,14:15:00,2025-05-08,622,80974491,Realizada,186.55,Placeat quibusdam nulla culpa sunt.
623,49437044,08:00:00,2025-01-13,623,68367134,Cancelada,190.82,Expedita sed exercitationem enim cum.
624,88393275,15:15:00,2025-02-18,624,98391320,Realizada,245.65,Repellat commodi eligendi beatae officia ullam.
625,32453828,11:15:00,2025-02-05,625,59260460,Pendiente,61.92,Error odio optio temporibus quas.
626,22044568,08:15:00,2025-02-09,626,92050216,Realizada,155.28,Autem animi porro.
627,61502032,17:45:00,2025-06-25,627,68367134,Cancelada,32.24,Deleniti ipsum voluptas veritatis quo velit.
628,31501430,08:45:00,2025-04-20,628,25289714,Pendiente,252.08,Eum aliquam accusantium.
629,50468260,08:15:00,2025-05-28,629,55213470,Cancelada,113.85,Quae aliquam nisi doloribus necessitatibus.
630,66354601,11:30:00,2025-05-08,630,17171039,Realizada,289.41,Sit et accusantium corrupti quod harum.
631,88796800,13:00:00,2025-01-29,631,25536844,Realizada,240.64,Deserunt porro ex eius soluta iusto.
632,66810755,12:00:00,2025-04-14,632,85059196,Realizada,166.16,Rem saepe quas.
633,72546683,13:30:00,2025-06-27,633,61284804,Pendiente,150.28,Quo ex quam quam cum reprehenderit.
634,64690555,08:30:00,2025-03-24,634,74845783,Pendiente,125.62,Quibusdam a repudiandae qui veniam.
635,58358599,17:30:00,2025-05-03,635,74052381,Realizada,241.79,Rerum illo et laborum cum facere.
636,93998447,17:15:00,2025-05-24,636,84095686,Realizada,77.42,Quia sed sint cumque officiis.
637,93998447,08:00:00,2025-03-25,637,94986642,Realizada,85.19,Placeat architecto est cum ab.
638,73543500,13:15:00,2025-05-29,638,37720792,Cancelada,233.74,Libero laborum veniam exercitationem aspernatur reprehenderit.
639,63638867,16:00:00,2025-01-07,639,17061113,Cancelada,235.51,Alias voluptatem deleniti.
640,30787386,10:45:00,2025-05-18,640,92050216,Realizada,148.27,Quidem itaque perspiciatis quos.
641,36147757,16:30:00,2025-06-16,641,46487705,Pendiente,120.39,Quos dicta maxime maxime corrupti odit.
642,64833983,12:00:00,2025-06-13,642,80974491,Realizada,156.3,Nostrum odio consequuntur.
643,72546683,09:45:00,2025-06-01,643,80974491,Realizada,286.15,Ipsam unde recusandae ullam et.
644,60531924,12:30:00,2025-03-22,644,48251892,Realizada,94.68,Consequuntur omnis repellat soluta adipisci.
645,40162287,08:15:00,2025-04-25,645,81001783,Pendiente,253.46,A veritatis sequi.
646,58506571,13:30:00,2025-02-21,646,64735878,Realizada,157.74,Fuga totam eum.
647,36032580,08:45:00,2025-01-09,647,74052381,Pendiente,284.18,Dignissimos eligendi consequuntur soluta.
648,30787386,10:00:00,2025-06-18,648,48251892,Pendiente,190.56,Molestias officiis quam aperiam sequi adipisci.
649,69420990,08:30:00,2025-03-12,649,85059196,Pendiente,257.79,Provident aliquam nulla eligendi saepe.
650,40191996,16:15:00,2025-01-21,650,89352645,Realizada,225.7,Assumenda dolores cum amet.
651,31501430,15:30:00,2025-01-25,651,72836970,Realizada,90.14,Accusamus molestias ab eos molestiae.
652,98244389,15:15:00,2025-01-10,652,53257757,Realizada,52.28,Quis odio est possimus quas magnam.
653,47657278,11:30:00,2025-03-07,653,48251892,Cancelada,149.39,Corrupti eaque amet enim aliquam odit.
654,28570823,12:45:00,2025-01-22,654,42023992,Realizada,82.51,Ducimus quaerat aperiam animi.
655,19198923,09:00:00,2025-02-11,655,74845783,Realizada,271.19,Modi inventore adipisci mollitia consectetur.
656,91962934,17:30:00,2025-02-25,656,74052381,Realizada,214.7,Odio temporibus saepe ea occaecati.
657,64690555,17:15:00,2025-06-09,657,84095686,Realizada,210.59,Sint laboriosam ipsam explicabo porro.
658,40162287,11:00:00,2025-05-07,658,25536844,Pendiente,77.09,Vitae veritatis quae repudiandae.
659,60687700,09:45:00,2025-03-10,659,74052381,Realizada,117.53,Modi enim doloremque perferendis maiores.
660,74834394,08:00:00,2025-05-03,660,94986642,Realizada,173.62,Saepe eos eveniet repellat ratione consequuntur.
661,28653012,14:30:00,2025-01-28,661,25289714,Realizada,119.3,Incidunt eaque ullam minus.
662,93998447,12:30:00,2025-02-13,662,78249006,Realizada,113.86,Consequuntur delectus odio mollitia.
663,93584938,10:00:00,2025-04-07,663,22019123,Realizada,146.89,Beatae quae in dicta harum.
664,74834394,08:30:00,2025-06-06,664,60663810,Realizada,244.79,Vitae quia dolorum eius soluta quidem.
665,98244389,10:15:00,2025-05-26,665,31892556,Realizada,54.64,Cumque ad ut expedita quae.
666,12320417,15:15:00,2025-05-10,666,92050216,Realizada,226.98,Accusantium ea tenetur hic amet consequatur.
667,88393275,09:45:00,2025-04-01,667,98391320,Realizada,37.82,Impedit culpa repudiandae repellendus corporis.
668,38985591,13:45:00,2025-05-07,668,42881519,Realizada,107.75,Similique molestias est non dolorem.
669,30185197,12:00:00,2025-03-13,669,55213470,Realizada,209.95,Quisquam iure culpa praesentium.
670,63638867,17:15:00,2025-05-21,670,80645867,Pendiente,264.75,Exercitationem voluptas nihil.
671,85081056,09:30:00,2025-01-08,671,85550838,Realizada,226.21,Iusto numquam ducimus.
672,36032580,12:15:00,2025-03-15,672,17171039,Cancelada,35.88,Culpa magni cumque.
673,95357386,16:45:00,2025-04-08,673,25536844,Realizada,169.61,Nobis unde animi aliquid.
674,70020137,13:30:00,2025-02-20,674,55213470,Realizada,280.04,Mollitia nesciunt soluta ea.
675,34846734,12:15:00,2025-04-24,675,85550838,Realizada,45.43,Placeat expedita deserunt temporibus delectus modi.
676,85874004,11:30:00,2025-02-03,676,72836970,Realizada,63.91,Ipsum molestias et itaque consequuntur.
677,19857293,14:00:00,2025-06-12,677,95575112,Realizada,283.91,Suscipit dolores optio.
678,29219804,10:00:00,2025-04-25,678,85059196,Realizada,38.59,Odio ea similique ipsa.
679,12320417,08:15:00,2025-06-05,679,78249006,Realizada,206.16,Repellat earum earum.
680,54375666,09:00:00,2025-06-15,680,55213470,Realizada,115.76,Doloribus aut quis blanditiis.
681,60687700,11:00:00,2025-01-21,681,80974491,Pendiente,133.91,Accusamus odio exercitationem.
682,27703570,12:00:00,2025-05-14,682,68333054,Realizada,138.27,Doloremque soluta repellat.
683,97231202,11:30:00,2025-01-10,683,25536844,Realizada,99.61,Harum corporis aut impedit.
684,55319884,10:15:00,2025-06-17,684,84095686,Realizada,247.9,Aperiam modi inventore iure.
685,30096856,14:45:00,2025-02-15,685,18034966,Pendiente,65.49,Possimus culpa consequuntur.
686,57426648,13:30:00,2025-03-25,686,27926480,Pendiente,209.82,Placeat minus veritatis sint.
687,32179431,17:15:00,2025-05-25,687,25536844,Realizada,132.04,Iusto cum illum.
688,19857293,15:45:00,2025-06-06,688,64735878,Realizada,32.24,Architecto pariatur tempora eum.
689,21375452,14:00:00,2025-02-08,689,17171039,Pendiente,74.2,Id adipisci fugit illum eum culpa.
690,28570823,16:30:00,2025-02-07,690,27926480,Realizada,133.77,Eos repudiandae modi odit voluptas quis.
691,32179431,13:45:00,2025-06-16,691,45565143,Realizada,262.84,Dicta consectetur repellat sint unde.
692,38985591,15:45:00,2025-06-24,692,60663810,Realizada,90.59,Ipsam sint nemo quidem neque.
693,32179431,15:00:00,2025-06-08,693,59260460,Pendiente,171.82,Quasi veniam saepe qui debitis repudiandae.
694,70020137,11:00:00,2025-03-11,694,94986642,Cancelada,290.33,Corrupti vitae ut perferendis maiores doloremque.
695,19857293,17:00:00,2025-05-18,695,98391320,Realizada,274.58,Quisquam architecto fugit.
696,64833983,11:00:00,2025-03-01,696,98391320,Pendiente,94.54,Eligendi voluptates atque soluta.
697,28570823,17:30:00,2025-01-10,697,81001783,Cancelada,211.44,Eum assumenda optio expedita quos adipisci.
698,69773398,11:30:00,2025-01-12,698,84095686,Realizada,182.32,Natus quisquam molestias enim odio.
699,81986371,11:00:00,2025-06-22,699,26765730,Realizada,173.92,Sed ullam magnam.
700,55288036,09:45:00,2025-02-02,700,43496230,Realizada,135.33,Pariatur autem soluta numquam est quisquam.
701,97666579,17:00:00,2025-01-20,701,25536844,Realizada,93.12,Minus voluptatum eaque odit maiores.
702,27561046,08:00:00,2025-03-08,702,69959035,Realizada,241.53,Vel doloribus eos quis iure.
703,30185197,14:30:00,2025-04-24,703,48251892,Realizada,53.74,Quasi doloremque quam iure dignissimos at.
704,21000309,08:45:00,2025-02-18,704,81001783,Realizada,212.9,Minima dicta deserunt et.
705,39487882,17:00:00,2025-06-27,705,94986642,Realizada,122.15,Quasi illo tempora odio.
706,76430643,15:15:00,2025-03-07,706,18034966,Realizada,295.92,Nobis aperiam mollitia.
707,97231202,14:15:00,2025-06-18,707,26765730,Realizada,122.88,Rerum sit aspernatur eum neque.
708,40162287,16:00:00,2025-05-19,708,25536844,Pendiente,265.64,Tempora natus hic odit laboriosam.
709,33950128,12:45:00,2025-04-11,709,81001783,Realizada,236.32,Voluptatum eveniet officia.
710,55319884,16:45:00,2025-03-26,710,49972085,Cancelada,75.01,Ea veritatis odit.
711,55748283,11:30:00,2025-04-26,711,72836970,Realizada,69.72,Fuga maxime non illo doloremque culpa.
712,54430965,15:30:00,2025-01-23,712,48251892,Realizada,185.45,Veritatis tempora incidunt.
713,76295675,08:00:00,2025-01-06,713,43496230,Cancelada,191.25,Adipisci non quod veritatis.
714,63638867,16:30:00,2025-01-24,714,22019123,Realizada,218.26,Eligendi ea repudiandae.
715,36032580,11:15:00,2025-05-03,715,17061113,Realizada,211.98,Repellendus deleniti eum voluptate.
716,38868080,12:15:00,2025-01-04,716,78249006,Realizada,199.28,Dolores ducimus ullam possimus ullam.
717,31502428,17:15:00,2025-02-03,717,43496230,Realizada,72.11,Repellat sed dolorum quod animi dicta.
718,91962934,13:30:00,2025-01-09,718,64735878,Realizada,79.9,Magnam voluptate voluptatum ut nesciunt nisi.
719,79890158,12:45:00,2025-02-25,719,72836970,Realizada,187.92,Consectetur vitae velit ut similique omnis.
720,19280334,10:30:00,2025-03-16,720,74052381,Pendiente,104.35,Est neque eaque earum quo.
721,92783595,14:30:00,2025-02-25,721,81550829,Realizada,202.14,Ut amet voluptate rerum.
722,31502428,12:30:00,2025-05-24,722,22019123,Realizada,256.52,A voluptatibus officiis.
723,60531924,13:15:00,2025-02-08,723,17171039,Pendiente,143.14,Ducimus eius enim aliquam nesciunt expedita.
724,60531924,08:45:00,2025-05-20,724,95575112,Realizada,100.15,Quisquam quo dolores pariatur itaque eos.
725,58358599,12:00:00,2025-02-15,725,80974491,Pendiente,92.75,Omnis culpa alias temporibus.
726,76295675,10:45:00,2025-03-24,726,18034966,Realizada,210.03,Perspiciatis quod dolore corporis labore cupiditate.
727,27712393,15:30:00,2025-06-07,727,81001783,Realizada,133.62,Asperiores nam cupiditate vitae totam.
728,21794942,12:45:00,2025-06-08,728,74845783,Realizada,226.76,Eaque temporibus numquam porro expedita.
729,69773398,16:15:00,2025-01-08,729,69959035,Cancelada,191.57,Saepe cupiditate autem a.
730,39487882,12:15:00,2025-04-29,730,81550829,Realizada,203.2,Deleniti consequuntur quos.
731,50886936,11:45:00,2025-01-13,731,26765730,Realizada,277.18,Voluptate officiis laboriosam suscipit.
732,40191996,09:30:00,2025-05-10,732,59260460,Realizada,50.84,At ea odit laudantium.
733,27703570,11:45:00,2025-02-18,733,68367134,Pendiente,110.79,Culpa laboriosam quo.
734,58981449,12:30:00,2025-01-01,734,67665892,Pendiente,113.03,Dolor nulla ea.
735,54430965,17:45:00,2025-02-14,735,27926480,Realizada,127.12,Quis consequuntur culpa fugiat quaerat accusantium.
736,58358599,15:30:00,2025-05-04,736,55213470,Pendiente,66.51,Sint atque beatae esse soluta.
737,91994498,08:15:00,2025-04-18,737,33472311,Realizada,162.59,Iste dolor cumque.
738,28542183,09:45:00,2025-01-03,738,20087633,Realizada,238.0,Doloremque deleniti voluptatibus.
739,76119745,16:00:00,2025-02-01,739,81550829,Realizada,72.74,Aliquid consequatur consequuntur odit.
740,58506571,17:15:00,2025-05-14,740,81001783,Realizada,82.43,Consequuntur reprehenderit ipsam amet in.
741,58981449,16:00:00,2025-05-11,741,80974491,Cancelada,106.57,Quaerat veritatis animi ab quos.
742,98244389,16:00:00,2025-02-23,742,40483555,Realizada,53.32,Dolorem facilis suscipit dicta laudantium necessitatibus.
743,66354601,09:45:00,2025-04-13,743,41708733,Realizada,180.48,Sunt nisi reprehenderit.
744,27712393,12:15:00,2025-05-02,744,89352645,Pendiente,88.4,Dolorem beatae sunt odio nam.
745,21794942,17:15:00,2025-05-12,745,25289714,Realizada,244.0,Possimus adipisci sed.
746,85081056,17:00:00,2025-03-20,746,42023992,Pendiente,288.98,Quia possimus dolor laudantium.
747,30787386,17:45:00,2025-06-25,747,85059196,Realizada,49.15,Cumque voluptas non error ipsum.
748,32453828,11:15:00,2025-05-09,748,55213470,Realizada,37.45,Rerum ipsam cupiditate facere quia.
749,28653012,12:00:00,2025-03-23,749,49972085,Realizada,35.77,Excepturi dolores eveniet.
750,60113565,08:45:00,2024-12-28,750,17171039,Realizada,200.76,Atque officiis necessitatibus voluptatibus nam accusamus.
751,67198087,12:45:00,2025-01-16,751,81001783,Cancelada,101.16,Quam cum adipisci sequi dolore.
752,91994498,17:30:00,2025-01-16,752,95575112,Realizada,278.39,Sunt tempora beatae eveniet.
753,19857293,16:15:00,2025-06-26,753,25536844,Pendiente,225.15,Et tenetur voluptatum fugit temporibus repudiandae.
754,69420990,12:30:00,2025-03-14,754,72836970,Realizada,92.52,Placeat nostrum quo repudiandae debitis pariatur.
755,27712393,08:15:00,2025-01-23,755,48251892,Realizada,225.3,Laudantium facere quasi qui.
756,88796800,17:45:00,2025-01-07,756,39781020,Pendiente,241.45,Ab alias iusto nostrum.
757,36032580,09:30:00,2025-05-22,757,42023992,Pendiente,156.71,Debitis quisquam pariatur debitis consequatur laboriosam.
758,32453828,11:45:00,2025-06-08,758,94986642,Realizada,145.62,Iste nihil ad reiciendis veritatis.
759,19280334,17:45:00,2025-02-09,759,42023992,Pendiente,118.61,Nisi dicta unde veritatis.
760,95357386,16:45:00,2025-04-02,760,25536844,Realizada,130.64,Inventore delectus aperiam nisi tenetur.
761,88796800,17:00:00,2025-02-13,761,17171039,Realizada,188.31,Sit atque quasi.
762,29219804,09:45:00,2025-01-05,762,79700365,Pendiente,191.86,Velit ipsam sequi corrupti.
763,28570823,13:00:00,2025-05-26,763,43496230,Realizada,123.28,Eum odit earum corrupti ipsum.
764,55748283,09:00:00,2025-04-14,764,41708733,Realizada,255.1,Facere aliquam architecto quaerat perspiciatis nesciunt.
765,40191996,14:00:00,2025-04-13,765,72836970,Realizada,91.69,Deserunt perspiciatis est nostrum quas.
766,86545508,12:45:00,2025-04-23,766,42023992,Pendiente,290.24,Incidunt nulla odio similique iure.
767,76430643,14:00:00,2025-01-16,767,74845783,Realizada,122.89,Fugit quidem omnis expedita numquam recusandae.
768,69773398,14:15:00,2025-04-28,768,89352645,Realizada,53.27,Porro fugit recusandae voluptates tempore.
769,93998447,08:30:00,2025-02-18,769,60663810,Realizada,267.65,Hic quos fugit commodi.
770,69420990,14:30:00,2025-06-27,770,68333054,Realizada,286.08,Officiis ullam ipsum nisi est ullam.
771,92783595,12:45:00,2025-01-12,771,48251892,Cancelada,271.64,Quia doloribus sapiente.
772,88393275,13:15:00,2025-04-26,772,89352645,Realizada,116.03,Iure pariatur nesciunt natus architecto.
773,65721232,17:45:00,2025-06-18,773,78249006,Realizada,196.59,Illum commodi nam odio alias.
774,55288036,12:15:00,2025-02-09,774,69959035,Realizada,237.15,Necessitatibus expedita officia harum dolorem.
775,49437044,15:15:00,2025-04-26,775,94986642,Realizada,281.18,Minima pariatur eligendi aut ipsa eaque.
776,93998447,14:15:00,2025-05-13,776,74845783,Realizada,167.42,Ipsam ab sunt.
777,27561046,12:45:00,2025-05-20,777,46487705,Realizada,48.63,Nulla enim voluptate.
778,91994498,16:30:00,2025-03-24,778,95575112,Realizada,89.23,Corrupti aliquam sit perferendis error.
779,38868080,11:15:00,2025-05-05,779,43496230,Realizada,243.71,Ducimus voluptate nobis cum.
780,19857293,17:00:00,2025-05-12,780,80645867,Realizada,255.52,Repudiandae reiciendis nemo.
781,47657278,13:45:00,2025-04-11,781,78249006,Realizada,79.51,Inventore porro assumenda.
782,70020137,13:30:00,2025-05-12,782,68367134,Realizada,168.69,Magnam minima distinctio atque.
783,38868080,16:45:00,2025-02-03,783,83944119,Realizada,190.88,Nam architecto hic nobis.
784,21375452,10:00:00,2025-05-20,784,68333054,Realizada,229.33,Tempora nam quo.
785,91962934,14:30:00,2025-05-22,785,95575112,Realizada,38.29,Corrupti dolores repellendus unde dicta.
786,85874004,09:00:00,2025-06-04,786,67665892,Cancelada,121.89,Aliquid repellat consequatur.
787,36147757,15:15:00,2025-05-10,787,95575112,Pendiente,185.12,Delectus ut perferendis.
788,61502032,12:15:00,2025-03-27,788,53257757,Realizada,279.82,Tenetur repudiandae nam vel.
789,27427266,09:15:00,2025-05-21,789,17061113,Realizada,230.01,Dolor alias eius distinctio soluta ipsa.
790,19857293,17:45:00,2025-03-19,790,83944119,Realizada,179.88,Maiores doloremque corporis alias.
791,34846734,13:30:00,2025-05-17,791,68333054,Pendiente,283.31,Et aperiam dolorem qui fugiat aliquam.
792,85081056,16:00:00,2025-02-02,792,45565143,Realizada,36.12,Fugiat fuga assumenda.
793,55319884,10:00:00,2025-05-15,793,95575112,Pendiente,59.95,Eos quod adipisci.
794,67198087,08:45:00,2025-05-02,794,61284804,Realizada,33.1,Accusantium quae deserunt dolor.
795,30096856,12:00:00,2025-06-20,795,39781020,Realizada,165.86,Odio nam inventore.
796,97687033,14:00:00,2025-02-03,796,83944119,Realizada,206.67,Culpa vitae fugiat quisquam.
797,88796800,13:00:00,2025-03-04,797,49972085,Pendiente,216.28,Sit ipsa fuga debitis maiores.
798,12320417,15:15:00,2025-04-08,798,25289714,Pendiente,259.61,Et necessitatibus provident assumenda cumque aperiam.
799,58981449,11:45:00,2025-03-27,799,31892556,Cancelada,38.04,Optio a non veritatis nisi.
800,32179431,15:45:00,2025-05-12,800,60663810,Pendiente,249.72,Temporibus magnam at.
801,47657278,09:45:00,2025-03-30,801,48251892,Realizada,141.21,Sunt asperiores aut deleniti perferendis.
802,85081056,16:15:00,2025-02-28,802,42881519,Realizada,140.03,Quasi odio odio voluptates minus.
803,28542183,13:45:00,2025-05-22,803,22019123,Realizada,271.26,Consequatur et placeat cum.
804,21794942,17:00:00,2025-03-23,804,17061113,Realizada,269.85,Nobis sed laudantium dolorem hic doloremque.
805,60531924,10:15:00,2025-04-05,805,48251892,Realizada,283.04,Nisi eius quo accusamus.
806,95357386,15:45:00,2025-06-01,806,74845783,Realizada,128.54,Similique repudiandae assumenda.
807,76295675,13:45:00,2025-04-11,807,20087633,Realizada,233.64,Corporis vel veniam.
808,98244389,15:00:00,2025-04-02,808,17171039,Cancelada,246.69,Ut nostrum tenetur.
809,21000309,15:45:00,2025-05-31,809,81550829,Realizada,199.3,Possimus fugit commodi rerum natus officiis.
810,31502428,14:45:00,2025-03-09,810,39781020,Cancelada,279.72,Vel ut autem.
811,11294269,09:30:00,2025-03-06,811,41708733,Realizada,81.04,Mollitia repellat adipisci voluptatum.
812,27712393,09:15:00,2025-01-31,812,81550829,Realizada,121.88,Aliquid saepe quidem.
813,22723132,11:30:00,2025-01-04,813,81550829,Realizada,85.34,Praesentium quia vitae delectus amet sed.
814,57426648,14:30:00,2025-02-09,814,72836970,Realizada,229.41,Saepe reprehenderit aperiam.
815,76119745,11:45:00,2025-01-07,815,78249006,Realizada,98.86,Eius repellendus minima.
816,31502428,13:45:00,2025-01-13,816,26765730,Pendiente,40.98,Quae asperiores sit maxime rem quod.
817,36147757,15:00:00,2025-04-13,817,25536844,Realizada,126.3,Dolorem temporibus architecto.
818,64833983,14:00:00,2025-03-14,818,39781020,Cancelada,227.26,Incidunt a fugit.
819,38868080,09:00:00,2025-05-23,819,68367134,Pendiente,231.84,Sed voluptates autem.
820,40191996,15:00:00,2025-02-13,820,95575112,Realizada,172.44,Eum atque sed.
821,76295675,13:15:00,2025-02-15,821,25536844,Realizada,47.69,Vitae explicabo ipsam architecto ipsa at.
822,75595115,10:15:00,2025-06-16,822,92050216,Pendiente,64.9,Deleniti reprehenderit doloremque aperiam ipsam.
823,18641255,09:15:00,2025-03-19,823,59260460,Realizada,74.23,Corporis sed velit.
824,69598928,11:45:00,2025-01-20,824,18034966,Realizada,191.54,Dolores soluta eligendi necessitatibus et.
825,50886936,11:30:00,2025-06-07,825,98391320,Realizada,138.56,Ex iure ex unde.
826,33950128,12:45:00,2025-05-02,826,95575112,Realizada,49.64,Aliquam amet tenetur.
827,54375666,10:45:00,2025-03-21,827,69959035,Pendiente,211.09,Ut atque vero reprehenderit officiis pariatur.
828,27712393,14:00:00,2025-06-14,828,98391320,Realizada,183.97,Adipisci natus optio ratione quam.
829,91352137,17:00:00,2025-04-05,829,49972085,Realizada,45.21,Ratione voluptatibus at ipsa.
830,80981575,09:00:00,2025-01-25,830,40483555,Realizada,199.83,Nisi autem praesentium.
831,75595115,10:00:00,2025-01-26,831,80645867,Cancelada,195.88,Quos consequatur dolor porro numquam.
832,73543500,08:30:00,2025-06-13,832,42881519,Pendiente,169.44,Laboriosam ad beatae consequuntur.
833,22723132,15:15:00,2025-06-23,833,43496230,Realizada,131.04,Et labore quis saepe dolorum ut.
834,85081056,15:45:00,2025-02-10,834,74052381,Realizada,62.28,Quas perferendis quisquam nihil.
835,93998447,10:00:00,2025-04-05,835,74052381,Pendiente,43.59,Quia nobis voluptate suscipit.
836,50468260,16:30:00,2025-03-31,836,64735878,Realizada,72.7,Quis tenetur maiores odit molestias voluptatum.
837,53529481,12:30:00,2025-02-15,837,42881519,Pendiente,54.74,Illum id iste consequuntur voluptatibus.
838,27427266,08:30:00,2025-05-27,838,42023992,Realizada,116.63,Molestiae autem repellendus.
839,93998447,08:00:00,2025-03-08,839,41708733,Pendiente,275.63,Vero ratione ullam deleniti.
840,29219804,14:45:00,2025-02-20,840,18034966,Realizada,175.34,Rerum sint unde eum.
841,33950128,13:30:00,2025-06-05,841,46487705,Realizada,74.15,Reiciendis quidem illo ducimus blanditiis.
842,95357386,11:30:00,2025-01-20,842,42023992,Realizada,122.16,Minus molestias quo.
843,65658788,17:15:00,2025-05-07,843,74845783,Realizada,60.25,Veritatis quis nihil rem.
844,40191996,13:15:00,2025-05-12,844,79700365,Realizada,240.1,Veniam molestiae quisquam doloremque minima.
845,56355002,10:15:00,2025-04-29,845,20087633,Realizada,41.32,Numquam eius perspiciatis corrupti repellat eaque.
846,93998447,12:15:00,2025-02-17,846,31892556,Realizada,154.52,Aspernatur ratione totam minima.
847,74834394,10:15:00,2025-03-30,847,67665892,Pendiente,288.78,Sint possimus ullam.
848,88796800,13:15:00,2025-03-01,848,98391320,Realizada,129.89,Cumque unde amet maiores mollitia.
849,49437044,16:45:00,2025-04-13,849,53257757,Realizada,147.43,Velit sequi illum ad fuga.
850,47657278,12:00:00,2025-02-23,850,53257757,Pendiente,142.88,Deserunt earum a dolorem cum eos.
