id,nombre,especie,raza,sexo,fecha_nac
1,Manuela,Gato,quis,F,2018-08-09
2,Feliciano,Perro,quos,F,2023-04-08
3,Américo,Gato,sint,F,2023-06-19
4,Sebastián,Perro,nobis,M,2023-07-16
5,Pili,Conejo,aliquid,M,2016-02-02
6,Abril,Gato,rerum,M,2024-10-06
7,Fabián,Gato,iusto,M,2020-01-31
8,José María,Gato,necessitatibus,M,2017-11-08
9,Aránzazu,Perro,quibusdam,M,2022-07-10
10,Estefanía,Gato,nisi,M,2015-12-30
11,Pastor,Perro,velit,M,2017-10-22
12,Enrique,Perro,iste,F,2019-08-17
13,Modesta,Perro,fuga,F,2020-09-23
14,Jacobo,Gato,consectetur,M,2021-12-06
15,Isidro,Perro,beatae,M,2019-07-05
16,Loreto,Perro,reiciendis,F,2025-04-06
17,Cristian,Perro,ipsum,F,2021-10-15
18,Maura,Perro,voluptatem,F,2024-07-27
19,Edmundo,Perro,delectus,F,2022-07-04
20,Eligia,Perro,aspernatur,F,2018-08-17
21,Amílcar,Gato,assumenda,M,2024-02-20
22,Lorena,Perro,assumenda,F,2020-01-26
23,Luz,Perro,placeat,F,2016-11-07
24,Arcelia,Perro,voluptatum,M,2021-11-23
25,Clarisa,Perro,voluptatum,F,2017-07-29
26,Magdalena,Gato,rem,F,2015-09-05
27,Edelmiro,Perro,quibusdam,F,2022-03-16
28,Abril,Perro,autem,F,2018-03-11
29,Berta,Perro,magnam,M,2024-10-10
30,Alonso,Perro,doloremque,F,2017-08-18
31,Ulises,Perro,aut,M,2018-07-08
32,Fortunata,Perro,corporis,M,2022-08-23
33,Victor,Conejo,nostrum,F,2024-09-17
34,Serafina,Perro,vero,M,2024-09-24
35,Remigio,Perro,ex,M,2020-12-24
36,Marcia,Gato,incidunt,M,2025-04-03
37,Juan Pablo,Perro,perferendis,M,2019-04-12
38,Agustín,Perro,velit,F,2025-05-25
39,Ale,Gato,saepe,M,2015-12-09
40,Úrsula,Gato,est,M,2017-09-05
41,Juan Bautista,Perro,est,M,2020-03-08
42,Felipe,Perro,veniam,M,2025-03-05
43,Graciela,Gato,ipsam,F,2017-08-24
44,Salomón,Perro,tempore,F,2021-08-05
45,Domitila,Perro,sapiente,F,2020-02-18
46,Virginia,Perro,veniam,M,2016-03-25
47,Rita,Conejo,expedita,M,2017-09-29
48,Custodia,Gato,sequi,M,2020-08-25
49,Tomás,Gato,harum,M,2019-02-10
50,Leopoldo,Gato,impedit,M,2018-05-03
51,Rita,Perro,provident,M,2020-07-17
52,Santiago,Perro,occaecati,M,2018-12-07
53,Sara,Perro,ex,F,2015-12-10
54,Domingo,Perro,repellat,M,2016-01-01
55,Cayetana,Perro,odit,M,2020-10-03
56,Claudio,Perro,fugit,F,2017-04-16
57,Luisina,Perro,porro,F,2023-05-28
58,Fabio,Conejo,error,M,2018-05-14
59,Ruben,Conejo,dolorem,M,2016-11-25
60,Jose Ramón,Perro,sapiente,M,2021-11-15
61,Ramón,Perro,soluta,F,2022-10-03
62,Rafaela,Perro,enim,F,2024-03-27
63,Gabino,Gato,fugiat,M,2017-12-16
64,Evita,Perro,magni,M,2019-01-12
65,Guadalupe,Gato,ea,M,2024-03-20
66,Perla,Perro,reprehenderit,F,2015-12-16
67,Benigna,Gato,eligendi,M,2025-03-17
68,Bibiana,Perro,deserunt,F,2024-11-23
69,David,Perro,odit,F,2017-06-09
70,Olivia,Perro,sequi,M,2020-10-02
71,Toni,Gato,porro,M,2020-04-21
72,Ani,Gato,dignissimos,F,2020-10-27
73,Hugo,Perro,quos,M,2017-04-19
74,Agustín,Gato,dolor,M,2017-04-26
75,Geraldo,Conejo,atque,M,2016-12-16
76,Flavio,Perro,minus,M,2017-01-31
77,Paula,Gato,minus,F,2021-05-22
78,Teófilo,Conejo,tempore,M,2020-09-19
79,Gregorio,Gato,repudiandae,M,2017-06-02
80,Ximena,Perro,aut,M,2019-11-20
81,Etelvina,Conejo,placeat,M,2020-06-28
82,Aránzazu,Conejo,nemo,M,2019-05-13
83,Xiomara,Gato,dignissimos,M,2017-01-25
84,Lupita,Gato,illum,M,2019-12-31
85,Lupe,Gato,quisquam,M,2016-02-05
86,Pascuala,Perro,dolores,M,2016-04-08
87,Germán,Perro,aperiam,M,2017-10-24
88,Juan Pablo,Perro,velit,M,2021-07-18
89,Margarita,Gato,repellendus,M,2023-01-13
90,Jose,Perro,reprehenderit,F,2017-05-11
91,Maxi,Perro,beatae,F,2020-06-08
92,Mercedes,Gato,aspernatur,M,2017-08-15
93,Azahar,Gato,eveniet,F,2024-02-11
94,Ángel,Perro,in,F,2023-08-13
95,Armida,Gato,ab,M,2016-08-28
96,Amancio,Gato,eligendi,F,2019-01-30
97,Celestina,Gato,delectus,M,2017-12-15
98,Brígida,Gato,iure,M,2017-11-27
99,Abril,Conejo,aspernatur,M,2024-12-22
100,Melisa,Perro,fugiat,F,2020-02-15
101,Paco,Perro,doloremque,F,2024-02-15
102,Armando,Perro,recusandae,F,2022-05-12
103,Hortensia,Perro,aspernatur,F,2021-03-08
104,Mirta,Perro,molestias,F,2020-08-04
105,Loreto,Gato,impedit,M,2020-10-13
106,Candelario,Perro,eos,M,2022-03-21
107,Rita,Gato,illum,M,2016-12-30
108,Fabián,Perro,nesciunt,F,2018-10-25
109,Carmina,Conejo,voluptatibus,F,2016-12-29
110,Emilio,Gato,non,F,2016-10-06
111,Ramona,Gato,quos,F,2017-01-13
112,Florina,Perro,magnam,M,2022-10-14
113,Plácido,Perro,velit,F,2021-12-10
114,Jaime,Perro,facilis,M,2020-02-25
115,Milagros,Perro,consectetur,M,2021-07-23
116,María Teresa,Gato,nostrum,F,2017-04-30
117,Dionisia,Gato,non,M,2023-06-23
118,Tomasa,Gato,nostrum,F,2021-04-01
119,Yago,Gato,facere,M,2021-05-03
120,Leticia,Gato,voluptates,M,2020-02-19
121,Feliciana,Perro,aliquid,F,2017-07-17
122,Débora,Gato,perspiciatis,M,2023-05-23
123,Araceli,Perro,earum,F,2019-09-10
124,Eleuterio,Perro,praesentium,M,2020-08-13
125,Javiera,Perro,vitae,F,2016-04-01
126,María Cristina,Gato,minima,M,2020-08-07
127,Venceslás,Perro,unde,F,2021-03-13
128,Angelita,Perro,deserunt,F,2017-10-04
129,Ruth,Perro,dolore,F,2018-10-09
130,Ramiro,Perro,reprehenderit,M,2015-12-20
131,Vidal,Conejo,ex,M,2023-05-24
132,Olga,Perro,harum,F,2015-12-03
133,Paulina,Gato,debitis,F,2022-12-05
134,Custodio,Perro,aspernatur,F,2022-04-08
135,Sigfrido,Gato,illo,M,2016-05-29
136,Flora,Gato,aliquam,M,2019-07-07
137,Wilfredo,Gato,culpa,F,2018-06-14
138,Javi,Perro,necessitatibus,M,2016-08-08
139,Claudio,Gato,ab,F,2020-12-16
140,Samanta,Conejo,reprehenderit,F,2024-02-11
141,Odalis,Gato,error,F,2018-05-28
142,Pastora,Perro,dignissimos,F,2020-11-28
143,Francisco,Perro,impedit,F,2024-07-14
144,Sabina,Gato,deleniti,F,2017-08-20
145,Federico,Conejo,eos,F,2022-05-06
146,Carolina,Perro,veritatis,F,2022-01-08
147,Miriam,Perro,consequuntur,M,2016-07-03
148,Salvador,Gato,reiciendis,F,2024-09-30
149,Haroldo,Gato,libero,M,2017-11-02
150,Zacarías,Perro,veniam,M,2015-10-02
151,Manu,Conejo,optio,M,2022-11-09
152,Javi,Perro,eius,M,2015-09-28
153,Trini,Perro,ipsa,M,2024-03-16
154,Agustina,Perro,amet,M,2016-05-06
155,Isaías,Perro,eos,M,2019-10-02
156,Segismundo,Perro,consequatur,M,2021-01-25
157,Juanita,Perro,debitis,F,2021-04-27
158,Felisa,Gato,voluptatibus,F,2017-08-23
159,Eva,Perro,blanditiis,M,2024-02-20
160,José,Perro,debitis,F,2022-01-18
161,Noemí,Gato,ea,M,2021-09-13
162,Nicanor,Gato,est,M,2020-11-26
163,Elías,Perro,fuga,M,2019-06-26
164,Lope,Gato,maiores,F,2021-10-09
165,Luís,Gato,molestiae,M,2017-07-20
166,Dorotea,Gato,blanditiis,F,2024-04-15
167,Martín,Gato,esse,F,2017-02-02
168,Alex,Perro,totam,F,2020-08-16
169,Telmo,Perro,eius,F,2018-01-22
170,Quirino,Perro,eius,F,2016-12-13
171,Juliana,Conejo,molestiae,F,2019-08-10
172,Pedro,Gato,perferendis,M,2020-09-26
173,Luis Miguel,Perro,quia,M,2015-11-28
174,Nélida,Perro,quia,M,2023-05-17
175,Rebeca,Gato,molestiae,F,2017-10-15
176,Adoración,Gato,nisi,M,2017-12-12
177,Esther,Perro,et,F,2023-03-29
178,Melania,Perro,libero,M,2024-05-07
179,Ovidio,Gato,autem,F,2023-02-26
180,Blas,Perro,corporis,M,2016-02-07
181,Isaura,Perro,id,F,2018-09-01
182,Dolores,Gato,nostrum,M,2021-04-09
183,Rafael,Gato,rerum,F,2021-02-11
184,Paula,Perro,id,M,2016-05-15
185,Gabino,Perro,quia,M,2017-11-23
186,Imelda,Perro,alias,F,2017-02-14
187,Martín,Conejo,deserunt,M,2016-09-23
188,Cebrián,Gato,dolorem,M,2022-08-18
189,Dora,Gato,eveniet,M,2016-07-09
190,Yolanda,Perro,molestias,F,2017-06-23
191,Arsenio,Perro,pariatur,M,2017-03-02
192,Marita,Perro,aut,F,2019-01-25
193,Wálter,Gato,odio,M,2016-11-11
194,Violeta,Perro,facilis,F,2023-05-08
195,Eduardo,Gato,laboriosam,M,2019-01-13
196,Roldán,Perro,saepe,F,2018-03-06
197,Alma,Perro,quam,F,2021-11-12
198,Adán,Perro,provident,F,2018-12-13
199,Paca,Gato,perspiciatis,F,2018-08-23
200,Miriam,Perro,atque,F,2023-05-24
201,Gabriela,Perro,rem,F,2018-05-13
202,Jovita,Perro,incidunt,F,2016-02-15
203,Dulce,Gato,tempore,F,2015-09-29
204,Camila,Perro,quos,F,2025-01-05
205,Fortunato,Perro,temporibus,M,2015-09-16
206,Arturo,Conejo,possimus,F,2020-06-13
207,Carmen,Perro,beatae,F,2016-10-09
208,África,Perro,quis,F,2022-03-25
209,Roberta,Gato,omnis,M,2024-02-24
210,Rosario,Perro,tempora,M,2016-11-21
211,Jerónimo,Gato,natus,M,2016-12-10
212,Bernardo,Perro,ut,M,2023-11-07
213,Remigio,Conejo,quasi,M,2020-03-16
214,Pili,Gato,libero,M,2017-04-03
215,Dionisio,Perro,eius,M,2018-08-24
216,Iker,Gato,quisquam,F,2016-02-24
217,Segismundo,Perro,eaque,F,2020-05-04
218,Sancho,Conejo,praesentium,F,2021-04-29
219,Anastasio,Gato,sunt,M,2023-05-22
220,Ambrosio,Conejo,fugiat,F,2025-04-20
221,Lupe,Perro,delectus,M,2017-10-01
222,Eliana,Gato,repudiandae,M,2020-07-24
223,Amor,Perro,cumque,F,2021-12-15
224,Nico,Gato,nam,F,2018-09-28
225,Lorenza,Gato,quam,M,2022-10-31
226,Sara,Perro,dolor,M,2025-01-29
227,Jordana,Perro,quaerat,F,2021-11-25
228,Edmundo,Perro,adipisci,F,2024-03-18
229,Dominga,Perro,nihil,M,2025-05-27
230,Macaria,Perro,explicabo,M,2020-07-31
231,Roberto,Perro,molestiae,F,2016-02-21
232,Fabiola,Perro,perspiciatis,M,2024-05-26
233,Casandra,Perro,dolores,F,2022-08-08
234,África,Perro,accusantium,M,2025-05-06
235,Cándido,Perro,itaque,F,2021-06-28
236,Berta,Perro,blanditiis,M,2021-04-06
237,Nacho,Perro,rerum,M,2017-04-18
238,Calixta,Perro,et,F,2024-06-25
239,Yolanda,Conejo,fugiat,F,2019-12-19
240,Ema,Gato,saepe,F,2022-08-10
241,Venceslás,Perro,officiis,F,2022-12-03
242,Toni,Perro,molestiae,M,2016-01-16
243,Cristina,Perro,ex,M,2024-10-12
244,María Luisa,Perro,ipsa,F,2018-04-06
245,Joaquina,Conejo,ratione,M,2020-10-22
246,Alba,Perro,architecto,M,2024-06-14
247,África,Perro,laborum,F,2023-01-26
248,Flavia,Perro,ab,M,2017-02-22
249,Raúl,Perro,doloremque,M,2021-03-29
250,Roberto,Gato,dolorem,F,2020-12-10
251,Chus,Conejo,quisquam,M,2022-05-08
252,Samanta,Perro,tempora,M,2025-03-23
253,Silvia,Perro,officiis,F,2017-12-11
254,Primitivo,Perro,quae,M,2024-05-09
255,Lidia,Gato,explicabo,F,2017-10-31
256,Irene,Gato,similique,M,2015-09-12
257,Luis,Perro,voluptate,F,2020-07-24
258,Evaristo,Gato,alias,M,2019-08-26
259,Loida,Gato,ab,M,2024-03-23
260,Rafa,Gato,sapiente,M,2015-10-28
261,Aarón,Perro,minima,F,2024-03-05
262,Régulo,Perro,perferendis,F,2024-08-12
263,Josefa,Gato,optio,F,2019-06-28
264,Isidro,Gato,nobis,M,2022-06-19
265,René,Gato,suscipit,M,2015-07-14
266,Cloe,Gato,tempora,M,2021-04-20
267,José Manuel,Perro,illum,M,2023-10-05
268,Nicolasa,Perro,beatae,M,2021-01-01
269,Ana Sofía,Gato,quidem,F,2019-05-26
270,Humberto,Gato,hic,F,2018-09-30
271,Telmo,Perro,exercitationem,M,2021-10-20
272,Rebeca,Perro,quae,F,2022-04-05
273,Elías,Perro,ad,F,2017-03-13
274,Alejandra,Perro,cupiditate,F,2021-12-10
275,Evelia,Perro,illum,M,2019-09-07
276,Elisabet,Perro,nemo,M,2018-10-31
277,Segismundo,Conejo,consectetur,M,2017-10-09
278,Nando,Gato,dicta,F,2016-10-15
279,Íngrid,Gato,eveniet,F,2025-05-27
280,Glauco,Perro,incidunt,M,2023-12-16
281,Flavia,Gato,est,F,2022-12-28
282,Verónica,Perro,eveniet,M,2021-09-10
283,Marina,Gato,quisquam,M,2015-08-02
284,Eugenio,Perro,blanditiis,F,2024-11-02
285,Graciela,Perro,itaque,F,2016-08-25
286,Dorotea,Conejo,natus,F,2021-07-29
287,Ramiro,Perro,blanditiis,M,2020-03-06
288,Abril,Perro,aut,M,2023-03-29
289,Dolores,Gato,quia,F,2021-08-22
290,Francisco Javier,Perro,eligendi,M,2024-08-25
291,Amelia,Perro,ducimus,M,2021-02-25
292,Violeta,Perro,architecto,M,2025-05-04
293,Clarisa,Perro,eligendi,F,2018-12-15
294,Melania,Conejo,doloribus,F,2019-07-18
295,Prudencia,Gato,quibusdam,M,2015-10-14
296,Marcia,Gato,natus,F,2023-05-03
297,Porfirio,Perro,magnam,M,2019-11-04
298,Manola,Perro,placeat,M,2023-01-25
299,Natalio,Gato,laborum,F,2016-08-26
300,Andrés Felipe,Gato,pariatur,F,2017-08-25
301,Blas,Conejo,optio,F,2024-07-29
302,Casemiro,Perro,quo,F,2017-09-11
303,Jenny,Gato,accusamus,M,2017-07-11
304,Geraldo,Perro,odit,M,2023-03-23
305,Viviana,Perro,expedita,M,2018-09-10
306,Aroa,Perro,quisquam,F,2017-05-10
307,Tristán,Perro,nostrum,M,2016-03-14
308,Águeda,Perro,assumenda,F,2019-06-17
309,Belén,Perro,culpa,M,2021-02-25
310,Vinicio,Conejo,voluptas,M,2015-10-08
311,Toni,Gato,rem,M,2025-06-21
312,Ciro,Perro,expedita,F,2020-02-01
313,Encarnación,Perro,consequatur,F,2018-09-22
314,Evita,Gato,sunt,F,2017-06-21
315,Visitación,Perro,reiciendis,F,2021-01-12
316,Abril,Gato,ipsa,M,2024-05-17
317,Almudena,Perro,nisi,M,2023-07-31
318,Pepita,Perro,omnis,M,2022-01-02
319,Ramiro,Perro,corrupti,M,2024-09-01
320,Nazario,Perro,iusto,M,2024-07-29
321,Ema,Perro,vero,M,2024-01-02
322,Lucho,Perro,itaque,F,2018-01-30
323,Casandra,Perro,molestiae,M,2020-02-21
324,Ángeles,Conejo,corrupti,M,2020-07-13
325,Maximino,Perro,debitis,F,2019-09-26
326,Angelina,Perro,incidunt,M,2018-08-31
327,Faustino,Gato,sapiente,F,2016-11-30
328,Visitación,Gato,nemo,F,2017-08-06
329,Sabina,Perro,voluptatem,M,2015-12-09
330,Bautista,Perro,magnam,F,2023-12-21
331,Dimas,Conejo,odit,F,2020-08-27
332,Ricarda,Perro,accusantium,F,2016-07-30
333,Emilio,Perro,error,F,2019-10-04
334,Fanny,Perro,voluptatum,M,2025-01-01
335,Pilar,Conejo,aliquam,M,2019-03-01
336,Óscar,Perro,quisquam,F,2022-10-02
337,Mireia,Perro,architecto,M,2015-12-23
338,Matías,Perro,consequatur,F,2021-05-12
339,Reina,Perro,beatae,M,2022-06-20
340,Almudena,Perro,doloribus,M,2016-08-22
341,Encarnación,Perro,iusto,F,2016-10-19
342,Salud,Gato,iste,F,2017-11-29
343,Delfina,Perro,eos,M,2021-10-08
344,Pili,Perro,quod,M,2018-08-13
345,Amada,Gato,non,F,2025-02-15
346,Amador,Perro,sunt,F,2021-07-18
347,Elías,Perro,fugit,M,2025-06-05
348,Salomón,Perro,quae,F,2016-02-13
349,Esteban,Conejo,enim,M,2022-06-01
350,Ruperto,Perro,cumque,F,2016-09-07
351,Sofía,Gato,dolores,M,2023-03-30
352,Leticia,Perro,nostrum,F,2023-03-15
353,Pepito,Gato,eligendi,F,2022-12-25
354,Emiliano,Perro,ipsum,F,2023-06-29
355,Lázaro,Conejo,corporis,M,2020-04-18
356,Alejandro,Gato,id,F,2023-12-19
357,Jenaro,Perro,deleniti,F,2022-09-30
358,Perlita,Gato,sed,M,2019-03-07
359,Olivia,Perro,aut,M,2023-03-28
360,Luisa,Perro,voluptates,F,2022-08-08
361,Micaela,Perro,iste,F,2017-01-29
362,Consuelo,Conejo,corrupti,F,2016-06-03
363,Dorotea,Gato,ea,F,2022-03-11
364,Priscila,Perro,fugiat,F,2019-07-12
365,Edu,Perro,enim,M,2022-04-14
366,Fátima,Perro,velit,F,2022-10-25
367,Sara,Gato,vel,M,2023-10-10
368,Eulalia,Gato,commodi,F,2025-03-12
369,Rogelio,Conejo,ad,F,2015-12-21
370,Rogelio,Perro,odio,M,2022-09-27
371,Gerardo,Perro,earum,M,2020-02-08
372,Martirio,Conejo,libero,M,2021-07-16
373,María Belén,Perro,labore,M,2021-03-17
374,Arcelia,Perro,magni,M,2016-10-28
375,Poncio,Perro,exercitationem,M,2021-11-10
376,Dani,Perro,rerum,F,2017-08-16
377,Rosaura,Gato,minus,M,2015-09-11
378,Dani,Gato,accusamus,F,2021-12-15
379,Maxi,Perro,id,M,2022-07-04
380,Darío,Perro,accusantium,F,2025-01-25
381,Raquel,Perro,atque,M,2023-04-24
382,Mireia,Gato,debitis,F,2015-10-27
383,Jorge,Perro,iure,F,2023-10-01
384,Anselmo,Conejo,sint,F,2022-04-26
385,Adela,Perro,adipisci,F,2018-01-06
386,Eusebio,Gato,impedit,F,2024-06-23
387,Mario,Conejo,mollitia,F,2019-05-31
388,Chus,Gato,porro,M,2016-05-14
389,Toño,Perro,minima,F,2016-01-27
390,Chus,Perro,minus,M,2020-03-26
391,Cristina,Gato,voluptate,M,2024-12-26
392,Jordán,Perro,tempora,F,2022-07-12
393,Bernardita,Perro,placeat,F,2019-01-29
394,Jenaro,Gato,error,M,2021-08-13
395,Clotilde,Perro,ipsa,M,2024-02-09
396,Esperanza,Perro,esse,F,2021-05-07
397,Marino,Gato,maiores,M,2017-04-15
398,Dora,Perro,sint,M,2022-07-13
399,Borja,Perro,eius,M,2022-01-07
400,Luis Ángel,Gato,dignissimos,F,2024-04-13
401,Bernardino,Perro,quaerat,F,2021-11-01
402,Elisabet,Conejo,sed,F,2020-02-08
403,Florentino,Conejo,modi,F,2021-10-01
404,Paloma,Conejo,repudiandae,M,2022-02-17
405,Máximo,Perro,doloribus,M,2020-01-15
406,Bibiana,Gato,facere,M,2016-11-03
407,Gilberto,Gato,inventore,M,2023-01-08
408,Olga,Conejo,recusandae,M,2016-03-19
409,Édgar,Gato,sequi,M,2021-04-29
410,Eva María,Gato,modi,F,2022-12-31
411,Josué,Perro,officiis,F,2016-07-23
412,Jose Ramón,Gato,recusandae,F,2019-11-06
413,Humberto,Perro,non,F,2021-05-29
414,Diana,Perro,explicabo,M,2016-08-22
415,Ana,Perro,nihil,M,2025-06-22
416,Sara,Perro,eaque,M,2020-01-12
417,Olga,Conejo,iure,F,2016-09-04
418,Heliodoro,Perro,eius,M,2023-04-22
419,María Luisa,Gato,eum,F,2025-04-06
420,Ulises,Gato,dolores,F,2024-05-13
421,José,Perro,aut,F,2023-10-16
422,Vanesa,Perro,placeat,M,2023-02-03
423,Eutimio,Gato,sint,F,2018-05-13
424,Candelario,Perro,dolor,F,2022-06-27
425,Isidora,Perro,porro,F,2024-11-01
426,Gloria,Gato,explicabo,F,2020-05-27
427,Alba,Gato,non,F,2015-08-04
428,Fabricio,Gato,adipisci,M,2021-09-12
429,Azucena,Perro,dolore,M,2016-06-07
430,Carlito,Gato,atque,F,2017-07-11
431,Che,Conejo,est,M,2024-04-21
432,Eutropio,Perro,ipsum,F,2017-03-31
433,Asunción,Gato,provident,F,2021-01-14
434,Delfina,Perro,maxime,M,2018-06-10
435,Vicente,Perro,voluptatem,M,2017-07-30
436,Danilo,Gato,autem,F,2022-06-12
437,Sarita,Perro,rerum,F,2018-01-12
438,Nicolás,Perro,occaecati,M,2016-01-06
439,Jaime,Gato,voluptatem,F,2021-01-13
440,Andrés Felipe,Perro,accusamus,F,2022-05-23
441,Ricardo,Perro,aliquam,F,2022-04-18
442,Leonel,Perro,nobis,F,2024-07-27
443,Ángela,Perro,labore,M,2019-09-11
444,Xavier,Perro,inventore,M,2016-10-13
445,Carlos,Perro,iste,F,2018-07-12
446,Mohamed,Perro,corrupti,F,2025-02-16
447,Máxima,Perro,fugiat,F,2021-04-19
448,Inocencio,Perro,dicta,F,2020-10-02
449,Valero,Perro,iusto,M,2023-03-28
450,Guillermo,Gato,quidem,F,2022-10-12
451,Luna,Perro,nesciunt,F,2023-02-06
452,América,Perro,delectus,M,2024-01-08
453,Pelayo,Perro,blanditiis,M,2025-01-31
454,Aroa,Gato,similique,F,2025-05-24
455,Bruno,Gato,minus,M,2017-02-08
456,Amparo,Perro,expedita,M,2018-02-04
457,José María,Gato,itaque,F,2019-06-27
458,Débora,Perro,distinctio,F,2024-04-03
459,Amalia,Perro,accusantium,M,2018-05-14
460,Pastor,Gato,magnam,F,2019-10-23
461,Margarita,Gato,esse,M,2023-11-06
462,Fabián,Perro,molestias,M,2024-09-14
463,Bruno,Perro,voluptate,F,2019-03-08
464,Marcelino,Perro,amet,M,2017-06-30
465,José María,Perro,aliquam,M,2021-06-19
466,Trinidad,Perro,fugiat,M,2022-04-19
467,José Manuel,Perro,atque,M,2019-10-08
468,Trinidad,Perro,ad,F,2021-10-26
469,Marcia,Gato,unde,M,2018-07-15
470,Melania,Perro,dolor,M,2016-10-01
471,Sonia,Perro,facere,M,2024-12-22
472,Carlito,Conejo,voluptates,F,2022-07-06
473,Julieta,Perro,ut,F,2021-02-07
474,Teobaldo,Perro,quasi,M,2024-03-18
475,Jordi,Perro,fugiat,F,2023-06-23
476,Elpidio,Gato,dolores,M,2017-04-05
477,Hermenegildo,Gato,omnis,M,2024-10-30
478,Yago,Conejo,dolores,M,2020-04-13
479,Carlito,Perro,sapiente,F,2019-11-09
480,Ofelia,Perro,provident,M,2018-12-26
481,Gonzalo,Perro,tempore,F,2019-09-25
482,Cipriano,Perro,nobis,F,2020-11-24
483,Adoración,Conejo,quam,M,2019-04-12
484,Eligio,Conejo,assumenda,M,2024-08-30
485,Marisol,Perro,laboriosam,F,2022-12-28
486,Paulina,Perro,a,M,2022-02-20
487,Galo,Gato,aut,F,2018-05-06
488,Calisto,Gato,natus,M,2022-12-30
489,Ceferino,Perro,vitae,M,2023-12-08
490,Alba,Perro,saepe,M,2022-12-21
491,Luis Miguel,Conejo,expedita,F,2018-03-31
492,Leire,Perro,reprehenderit,M,2019-08-23
493,Pascual,Gato,ea,F,2017-09-06
494,Juan Antonio,Gato,quasi,F,2024-10-23
495,Teodoro,Gato,quo,M,2022-12-03
496,Rosalía,Perro,ipsam,M,2024-04-16
497,Joan,Perro,quae,F,2021-09-23
498,Milagros,Perro,molestiae,F,2016-11-21
499,Amor,Gato,veniam,F,2015-07-14
500,Curro,Gato,aliquid,F,2020-09-22
501,José Mari,Conejo,corporis,F,2017-02-09
502,Nadia,Perro,voluptatibus,F,2023-12-20
503,Nacio,Conejo,officia,M,2019-07-31
504,Emigdio,Gato,repellendus,M,2020-10-03
505,Isaura,Perro,nesciunt,F,2016-08-21
506,Anacleto,Perro,excepturi,F,2019-08-11
507,Socorro,Gato,modi,F,2017-05-25
508,Ani,Conejo,cum,M,2023-05-27
509,Mercedes,Conejo,distinctio,M,2024-10-19
510,Valeria,Perro,veniam,M,2021-07-05
511,Trini,Perro,officiis,M,2018-12-23
512,Pía,Gato,eveniet,M,2016-06-23
513,Patricio,Perro,commodi,F,2024-04-10
514,Filomena,Gato,inventore,M,2016-10-18
515,Leticia,Gato,provident,M,2016-10-15
516,Carmen,Gato,veritatis,M,2017-08-25
517,Febe,Gato,similique,F,2016-01-15
518,Domitila,Perro,maxime,M,2016-01-17
519,Socorro,Perro,itaque,F,2019-12-02
520,Teófilo,Conejo,architecto,M,2024-09-14
521,Galo,Conejo,aperiam,M,2019-10-11
522,Fabio,Perro,odio,M,2016-02-15
523,Primitiva,Gato,atque,F,2023-10-19
524,Custodia,Perro,rem,M,2019-10-08
525,Abril,Perro,sapiente,F,2018-04-05
526,Alonso,Conejo,neque,F,2020-01-21
527,Inmaculada,Perro,tempore,F,2023-01-14
528,Sol,Perro,occaecati,M,2021-06-06
529,Amada,Perro,necessitatibus,F,2025-06-19
530,Clotilde,Conejo,tempore,M,2022-03-15
531,Venceslás,Gato,corrupti,F,2025-05-30
532,Yolanda,Perro,vel,M,2021-10-21
533,Prudencia,Perro,cumque,M,2015-08-05
534,Jimena,Perro,temporibus,M,2023-04-03
535,Diego,Conejo,nobis,F,2020-10-21
536,Irene,Perro,at,M,2025-04-19
537,Jose Manuel,Gato,eligendi,M,2016-12-01
538,Maricela,Perro,reiciendis,M,2022-08-15
539,Gabriela,Perro,vitae,F,2020-05-08
540,Felicidad,Gato,molestiae,F,2024-07-10
541,Celestino,Perro,molestiae,F,2019-12-30
542,Angelino,Gato,fugiat,F,2021-02-19
543,Elías,Perro,id,F,2024-04-03
544,Ramiro,Gato,officiis,M,2019-10-24
545,Máximo,Perro,optio,F,2018-09-22
546,Adalberto,Perro,consequatur,M,2018-05-10
547,Priscila,Gato,ipsum,F,2022-07-22
548,Juan José,Gato,a,F,2019-09-22
549,Joel,Gato,minima,M,2023-06-21
550,Cirino,Gato,ad,F,2021-11-10
551,Josefina,Perro,accusamus,M,2021-03-08
552,Victoriano,Gato,nostrum,F,2020-08-05
553,Elisabet,Gato,deserunt,M,2018-11-09
554,Régulo,Gato,facilis,F,2023-06-25
555,Amalia,Conejo,explicabo,M,2018-10-13
556,Leonardo,Perro,ad,F,2023-08-09
557,Remedios,Conejo,nobis,M,2019-12-07
558,Oriana,Perro,neque,F,2022-08-03
559,Severino,Conejo,totam,F,2025-06-27
560,Clemente,Conejo,sapiente,F,2022-11-21
561,Noemí,Perro,minima,F,2018-09-11
562,Fausto,Conejo,nulla,F,2024-06-06
563,Ainoa,Gato,soluta,F,2018-01-28
564,Florinda,Perro,ipsam,F,2020-06-05
565,Teobaldo,Gato,exercitationem,M,2021-09-30
566,Febe,Perro,consequuntur,M,2023-09-15
567,Enrique,Conejo,ab,M,2021-07-27
568,Juan Pablo,Perro,enim,M,2021-01-01
569,Trini,Perro,nisi,M,2023-09-05
570,Mariana,Gato,facere,M,2018-12-20
571,Cosme,Gato,impedit,M,2021-12-07
572,Esmeralda,Perro,similique,M,2022-02-25
573,Felix,Perro,ipsa,M,2021-02-07
574,Arcelia,Conejo,maxime,M,2017-08-04
575,Dafne,Gato,suscipit,M,2021-02-09
576,Regina,Perro,fugit,M,2016-08-24
577,Melisa,Perro,eaque,F,2021-05-02
578,Clemente,Gato,maxime,M,2018-10-18
579,Vidal,Perro,nesciunt,F,2016-06-20
580,Lázaro,Perro,asperiores,F,2021-09-27
581,Emiliana,Gato,dolores,F,2018-08-16
582,Juanito,Gato,laboriosam,F,2016-11-25
583,María José,Perro,itaque,F,2024-03-14
584,Estela,Perro,quasi,F,2021-01-05
585,Adriana,Gato,distinctio,M,2016-06-17
586,Benito,Gato,excepturi,M,2020-09-06
587,Toño,Perro,qui,M,2020-03-27
588,Cayetano,Perro,harum,F,2023-10-19
589,Patricio,Perro,accusantium,F,2023-03-31
590,Rosendo,Gato,fuga,M,2023-05-19
591,Albano,Perro,vero,F,2023-05-14
592,Agustín,Perro,reiciendis,M,2016-12-11
593,Valerio,Perro,optio,M,2016-07-21
594,Emigdio,Perro,nemo,M,2025-06-07
595,Trinidad,Perro,nam,F,2019-05-12
596,Gaspar,Perro,odio,M,2020-10-15
597,Baudelio,Perro,adipisci,M,2018-08-09
598,Rufino,Gato,nobis,M,2016-11-02
599,Luna,Gato,corrupti,M,2019-07-26
600,Juan Carlos,Perro,velit,F,2019-05-24
601,Marco,Perro,iusto,F,2018-06-16
602,Duilio,Gato,aperiam,M,2019-07-19
603,Octavio,Gato,sint,F,2016-09-12
604,Mario,Perro,nostrum,M,2016-01-02
605,Juan José,Perro,odio,F,2016-01-09
606,Hernán,Perro,reprehenderit,M,2022-11-21
607,Francisca,Gato,quibusdam,M,2019-10-11
608,Aura,Perro,molestias,F,2023-01-10
609,Oriana,Perro,asperiores,M,2022-10-17
610,Carmela,Gato,tempora,M,2021-04-28
611,Emilia,Perro,laboriosam,M,2018-06-19
612,Purificación,Gato,odio,F,2021-03-15
613,Perlita,Perro,ab,M,2016-04-23
614,Damián,Conejo,corrupti,F,2016-04-30
615,Guiomar,Perro,commodi,F,2022-09-23
616,Valentina,Conejo,delectus,M,2019-09-17
617,Herminio,Perro,voluptate,F,2023-12-20
618,Virginia,Perro,consectetur,M,2022-11-13
619,Olga,Gato,voluptate,M,2024-06-13
620,Renato,Perro,necessitatibus,F,2015-07-31
621,Delfina,Perro,consectetur,M,2024-10-09
622,Amador,Perro,dicta,M,2023-08-19
623,Beatriz,Perro,eveniet,F,2019-05-31
624,Enrique,Perro,repellat,F,2024-06-11
625,Clímaco,Gato,odit,M,2020-05-15
626,Iris,Conejo,reiciendis,M,2024-11-12
627,Paca,Gato,natus,F,2023-02-21
628,Albino,Perro,architecto,F,2018-12-03
629,Reynaldo,Gato,ipsam,M,2015-07-13
630,Cirino,Gato,provident,F,2019-09-22
631,Valeria,Perro,quasi,M,2021-01-02
632,Marisa,Conejo,non,M,2017-03-24
633,Sosimo,Gato,tempora,M,2024-04-10
634,Mariana,Gato,sint,M,2022-10-16
635,Diana,Perro,quibusdam,M,2015-11-10
636,Anna,Conejo,similique,M,2017-09-19
637,Maristela,Gato,voluptates,M,2019-01-20
638,Domitila,Perro,repudiandae,M,2025-04-01
639,Román,Conejo,hic,M,2024-02-27
640,Maite,Gato,doloribus,F,2019-03-03
641,Joaquín,Perro,ab,M,2019-12-03
642,José Manuel,Perro,recusandae,F,2023-03-30
643,Kike,Perro,quibusdam,M,2025-06-16
644,Gala,Perro,eum,F,2025-05-12
645,Dorita,Perro,culpa,M,2016-12-18
646,Carlos,Perro,neque,M,2018-03-22
647,Damián,Gato,repellat,M,2024-05-28
648,Ale,Perro,sapiente,M,2015-11-02
649,Miguela,Gato,animi,F,2025-06-15
650,Ibán,Perro,laborum,M,2021-12-28
651,Rosenda,Perro,tenetur,M,2025-03-23
652,Benita,Gato,ipsum,M,2019-03-10
653,Reyes,Perro,ad,M,2022-04-02
654,Alejo,Conejo,cum,M,2024-12-02
655,Perlita,Gato,praesentium,F,2018-11-27
656,Inmaculada,Perro,sint,F,2018-03-05
657,Alberto,Perro,iste,F,2020-03-11
658,Esther,Perro,eum,M,2023-04-11
659,Calisto,Perro,vitae,M,2020-11-10
660,Amanda,Perro,id,F,2016-04-28
661,Fabricio,Perro,pariatur,F,2017-06-04
662,Jessica,Perro,voluptatum,M,2021-12-31
663,Rico,Gato,laboriosam,M,2021-08-31
664,Gregorio,Gato,ducimus,M,2023-02-02
665,Benjamín,Conejo,autem,M,2022-06-23
666,Glauco,Conejo,amet,F,2024-11-28
667,Javi,Perro,eum,M,2017-09-26
668,Chita,Gato,dolores,M,2016-02-05
669,María José,Perro,voluptatibus,F,2019-12-24
670,Berto,Perro,consequuntur,F,2016-03-27
671,Eduardo,Gato,aliquid,F,2024-12-25
672,Flavia,Perro,tempore,M,2016-01-22
673,Cándido,Conejo,voluptas,F,2023-08-17
674,Severo,Perro,culpa,F,2016-02-06
675,Eulalia,Gato,pariatur,M,2016-03-15
676,Dora,Perro,molestiae,M,2021-01-19
677,Sandra,Conejo,at,M,2024-04-03
678,Raquel,Conejo,neque,M,2023-07-17
679,Loreto,Gato,repudiandae,M,2018-10-17
680,Cornelio,Perro,a,F,2024-10-30
681,Loida,Gato,dolorem,M,2024-11-17
682,Samuel,Gato,atque,M,2017-02-06
683,Valero,Perro,dolore,M,2018-01-20
684,Paca,Conejo,ratione,M,2021-01-15
685,Febe,Perro,ut,M,2016-04-21
686,Felisa,Perro,provident,M,2016-10-06
687,Paola,Perro,eligendi,M,2018-05-27
688,Ruben,Perro,facilis,F,2023-08-08
689,Carmelo,Perro,explicabo,F,2023-11-03
690,Ximena,Perro,iure,M,2018-08-25
691,Eusebio,Conejo,qui,F,2016-07-20
692,Leandra,Perro,quas,F,2017-04-26
693,Teresa,Gato,expedita,F,2021-05-07
694,Gonzalo,Conejo,repudiandae,F,2022-11-03
695,Nydia,Perro,quae,M,2022-02-19
696,Gabriel,Gato,ab,F,2023-02-17
697,Leticia,Perro,mollitia,M,2020-12-27
698,Vilma,Gato,ab,F,2024-03-17
699,Jennifer,Perro,laborum,M,2018-04-24
700,Pastor,Gato,dignissimos,F,2024-03-07
701,Adrián,Gato,quia,F,2021-08-31
702,Guillermo,Perro,laborum,F,2021-05-08
703,Prudencia,Perro,eligendi,M,2017-02-13
704,Nuria,Perro,dolore,F,2023-03-07
705,Osvaldo,Perro,voluptatum,F,2016-06-03
706,Cruz,Perro,voluptate,F,2018-03-05
707,Lidia,Conejo,quidem,M,2016-11-09
708,Ainoa,Conejo,ipsam,F,2025-06-09
709,María,Perro,amet,F,2020-08-11
710,Liliana,Perro,deserunt,F,2023-04-26
711,Ángela,Perro,deleniti,M,2022-12-05
712,Manuel,Conejo,eum,M,2016-09-03
713,Guillermo,Gato,nulla,F,2015-09-28
714,Maximino,Gato,nihil,M,2019-06-27
715,Erasmo,Perro,provident,M,2022-05-08
716,Cándido,Perro,cumque,F,2015-10-19
717,Amada,Gato,modi,M,2017-08-13
718,Elba,Perro,ad,F,2024-06-01
719,Anunciación,Gato,quod,F,2024-01-03
720,Sonia,Gato,beatae,F,2019-12-04
721,Leandra,Gato,nobis,M,2019-05-02
722,Feliciana,Gato,repellendus,F,2017-02-25
723,Telmo,Perro,laboriosam,F,2021-08-26
724,Gabriela,Conejo,soluta,F,2019-06-13
725,Valeria,Gato,sit,F,2021-08-18
726,Ciríaco,Perro,sunt,M,2019-01-28
727,Salvador,Perro,aliquam,M,2017-05-01
728,Isaac,Perro,exercitationem,F,2022-12-15
729,Gregorio,Perro,nam,M,2019-12-24
730,Edelmiro,Conejo,totam,F,2025-05-29
731,Saturnino,Perro,possimus,M,2017-12-08
732,Rosendo,Gato,corrupti,M,2020-04-20
733,Erasmo,Gato,aut,M,2020-03-01
734,Maxi,Perro,consequatur,M,2020-01-25
735,Flavio,Gato,expedita,F,2022-01-14
736,Gisela,Gato,accusamus,F,2015-07-09
737,Lorena,Perro,consequuntur,F,2024-09-18
738,Maximino,Gato,nisi,M,2018-07-10
739,Luis Ángel,Perro,tempora,F,2020-05-27
740,Wilfredo,Perro,expedita,F,2017-03-23
741,Osvaldo,Perro,sapiente,M,2020-04-17
742,Agustín,Perro,accusantium,F,2017-11-09
743,Evaristo,Perro,error,M,2021-10-05
744,Hernán,Perro,explicabo,F,2018-05-07
745,Jesús,Gato,commodi,M,2025-06-16
746,Eutropio,Perro,repudiandae,M,2021-11-03
747,Ariadna,Perro,laboriosam,M,2023-08-30
748,Coral,Gato,tenetur,M,2019-04-09
749,Casemiro,Perro,earum,F,2018-05-19
750,Aitana,Gato,provident,M,2019-05-14
751,Cristóbal,Perro,eum,M,2021-02-19
752,Joaquina,Perro,hic,F,2024-02-25
753,Marcela,Gato,excepturi,F,2018-01-09
754,Francisco,Perro,suscipit,M,2025-05-14
755,María,Perro,veritatis,F,2023-12-18
756,Ibán,Gato,animi,M,2016-03-14
757,Darío,Gato,sapiente,M,2021-05-27
758,Amando,Gato,id,M,2016-09-29
759,Fabiola,Gato,aperiam,F,2016-02-18
760,Anita,Perro,illum,F,2024-03-26
761,Rosa María,Perro,recusandae,F,2015-12-02
762,Vanesa,Perro,delectus,F,2020-10-10
763,Mamen,Perro,excepturi,F,2023-09-24
764,Teodora,Perro,maxime,F,2024-08-25
765,Flavio,Gato,maxime,F,2018-09-06
766,Amada,Perro,ipsum,M,2022-02-13
767,Anabel,Perro,nihil,M,2015-10-18
768,Manolo,Perro,vero,M,2023-12-23
769,José Ángel,Perro,temporibus,M,2022-06-01
770,Juan Luis,Perro,ab,M,2016-11-19
771,Fabricio,Perro,dolore,F,2023-07-15
772,Manuel,Perro,autem,F,2025-03-23
773,Benita,Gato,autem,M,2019-03-16
774,Socorro,Perro,quasi,F,2017-09-29
775,Amando,Conejo,amet,F,2024-10-28
776,Natanael,Gato,vitae,F,2015-12-14
777,Tecla,Conejo,aliquid,M,2016-10-16
778,Esteban,Perro,consequatur,F,2021-09-04
779,Artemio,Perro,adipisci,F,2024-11-21
780,Jordi,Perro,occaecati,M,2021-09-28
781,Celso,Perro,vero,M,2025-01-29
782,Lucila,Perro,repellat,F,2021-07-21
783,Rolando,Perro,id,F,2021-11-04
784,María Cristina,Perro,ullam,M,2018-05-08
785,Hipólito,Perro,sunt,M,2018-06-10
786,Graciela,Perro,modi,M,2022-04-06
787,Carlito,Perro,necessitatibus,F,2020-03-05
788,Mar,Perro,harum,M,2015-11-21
789,Maximiliano,Perro,natus,F,2020-09-29
790,Jose,Perro,totam,M,2023-04-17
791,Clarisa,Perro,nesciunt,F,2023-06-02
792,Teodora,Perro,excepturi,F,2025-06-11
793,Perla,Perro,ab,M,2023-04-18
794,Maristela,Gato,adipisci,M,2024-08-13
795,Febe,Gato,exercitationem,F,2022-10-29
796,Jeremías,Gato,recusandae,F,2016-12-06
797,Ciriaco,Perro,mollitia,F,2021-12-02
798,Ciriaco,Perro,fugit,F,2018-01-24
799,Noelia,Perro,quisquam,M,2018-10-31
800,Diana,Perro,impedit,F,2019-12-29
801,Noelia,Perro,ducimus,M,2025-06-12
802,René,Perro,unde,M,2019-10-01
803,Reynaldo,Perro,exercitationem,M,2024-08-07
804,Ana,Perro,quae,F,2023-11-04
805,Anastasio,Perro,architecto,M,2015-09-08
806,Alba,Perro,consectetur,F,2018-09-10
807,Calisto,Perro,quo,F,2018-06-11
808,Ibán,Perro,cumque,M,2016-06-02
809,Manuela,Conejo,assumenda,F,2023-11-21
810,Feliciana,Conejo,provident,M,2024-06-21
811,Jimena,Perro,unde,M,2015-07-25
812,Fabricio,Gato,cum,M,2020-03-01
813,Tecla,Gato,omnis,M,2021-02-24
814,Lázaro,Perro,atque,F,2023-12-09
815,Florencio,Perro,nam,M,2025-04-11
816,Delfina,Conejo,illum,M,2019-12-26
817,Joaquina,Perro,consequuntur,M,2018-07-28
818,Flora,Perro,sed,F,2019-12-04
819,Rosalva,Perro,vel,F,2020-01-25
820,Moreno,Perro,ab,F,2022-08-03
821,Julie,Conejo,impedit,F,2016-02-13
822,Matías,Perro,impedit,F,2020-05-03
823,Yaiza,Perro,incidunt,M,2024-12-09
824,Luis Miguel,Perro,dolorum,F,2016-09-17
825,Amaya,Perro,facilis,F,2021-03-13
826,Jose Miguel,Gato,maiores,F,2020-02-15
827,Benigno,Gato,veritatis,M,2023-02-19
828,Humberto,Perro,saepe,F,2016-04-22
829,Graciano,Conejo,voluptatem,M,2015-09-16
830,Eva María,Perro,tempora,F,2022-01-17
831,Gabino,Perro,voluptatum,M,2021-03-03
832,Reina,Gato,maxime,M,2024-10-25
833,Oriana,Perro,sed,F,2018-12-08
834,Marta,Perro,quibusdam,F,2021-10-10
835,Emelina,Conejo,culpa,F,2023-02-27
836,Mateo,Perro,quidem,M,2018-04-17
837,Delfina,Perro,eaque,M,2017-08-22
838,Teresita,Perro,mollitia,M,2025-02-01
839,Marcial,Perro,dolorem,F,2020-02-28
840,Germán,Perro,beatae,F,2017-10-03
841,Salomé,Conejo,saepe,M,2021-02-11
842,Fortunata,Perro,ipsa,M,2024-12-08
843,Danilo,Perro,ducimus,M,2018-05-16
844,Natanael,Conejo,aperiam,M,2019-11-05
845,Alcides,Gato,cum,F,2024-10-21
846,Adrián,Gato,soluta,M,2016-08-22
847,Rosa,Gato,culpa,F,2022-05-24
848,Lourdes,Gato,eaque,M,2019-11-27
849,Alejandra,Conejo,ullam,M,2019-01-02
850,Carmelo,Perro,voluptatum,M,2022-02-13
